,accX,accY,accZ,gyrX,gyrY,gyrZ
758.0,792.0,11360.0,8440.0,-240.0,91.0,-181.0
759.5350701402806,921.0180360721433,11416.208416833671,8758.909819639284,-263.6052104208418,19.605210420841786,-178.18436873747464
761.0701402805611,648.5611222444886,11491.863727454915,8770.244488977954,-271.75551102204554,32.71943887775569,-172.50901803607246
762.6052104208417,641.4749498997999,11396.104208416833,8693.482965931866,-272.2605210420836,28.394789579158328,-135.7394789579164
764.1402805611223,704.7054108216421,11456.488977955913,8542.949899799598,-321.75150300601297,51.51102204408744,-137.63326653306558
765.6753507014027,557.3466933867821,11470.492985971945,8533.611222444888,-371.18236472945773,-63.120240480954635,-123.75350701402749
767.2104208416833,484.6412825651323,11389.474949899799,8747.5751503006,-413.47494989979987,-426.81563126251945,-60.210420841683344
768.7454909819639,340.4328657314618,11394.909819639279,8883.350701402807,-407.7274549098197,-753.9699398797616,-6.579158316632402
770.2805611222445,427.3667334669344,11395.655310621241,9020.833667334671,-370.7775551102186,-849.4889779559126,59.00601202405187
771.815631262525,589.3386773547031,11422.725450901802,8966.124248496999,-317.5310621242495,-878.1282565130253,157.9659318637258
773.3507014028056,743.4709418837674,11378.861723446895,8817.194388777556,-294.75350701402806,-904.7054108216433,167.46893787575152
774.8857715430862,606.2845691382759,11354.50901803607,8932.464929859725,-268.76953907815516,-1058.749498998,185.0
776.4208416833667,485.4509018036024,11349.8997995992,9015.382765531065,-237.94989979959973,-1217.7094188376695,244.52104208416722
777.9559118236473,658.885771543085,11347.470941883766,8964.529058116234,-206.1462925851706,-1320.7214428857712,262.82364729458914
779.4909819639279,848.6492985971927,11419.927855711423,8974.46893787575,-184.74348697394726,-1145.6633266533036,278.01803607214424
781.0260521042085,612.873747494983,11322.084168336678,9117.979959919845,-121.87975951903559,-1013.0621242484949,310.98997995992204
782.561122244489,632.9138276553053,11400.0,9050.597194388783,-74.9498997995994,-967.3386773547098,365.39478957915765
784.0961923847696,688.3126252505026,11424.152304609219,8888.913827655308,-60.288577154308655,-1070.56112224449,379.71142284569135
785.6312625250501,783.7995991983953,11388.0,8745.226452905817,-51.637274549097356,-1233.6953907815691,393.4128256513038
787.1663326653306,724.0080160320649,11444.673346693387,8587.310621242483,-82.16032064128194,-1405.152304609217,375.9879759519026
788.7014028056112,734.8617234468938,11391.527054108217,8700.112224448898,-87.47895791583164,-1382.7835671342684,446.681362725451
790.2364729458918,709.1623246492982,11383.134268537076,8825.731462925847,-105.0681362725436,-1275.00601202405,497.6953907815646
791.7715430861723,885.1703406813522,11385.707414829662,8582.949899799607,-106.94789579158123,-1371.7795591182335,524.3707414829662
793.3066132264529,972.7374749498981,11481.867735470942,8502.66132264529,-151.39679358717376,-1537.1462925851702,506.8537074148297
794.8416833667335,1152.6012024048114,11434.332665330661,8703.302605210425,-175.32464929859668,-1617.7515030060142,480.9579158316627
796.376753507014,1336.633266533062,11452.0,8665.39478957916,-215.40480961923754,-1499.3426853707504,468.38076152304984
797.9118236472946,1431.4148296593175,11510.356713426852,8383.631262525056,-267.03206412825557,-1244.901803607218,379.496993987977
799.4468937875752,1276.5851703406797,11449.699398797595,8520.529058116235,-303.681362725451,-1126.3406813627255,340.1062124248497
800.9819639278558,787.7194388777352,11416.288577154308,8765.691382765537,-340.3867735470958,-1266.456913827662,351.76553106212486
802.5170340681362,809.7955911823651,11327.294589178355,8661.931863727455,-332.3066132264523,-1365.7094188376732,401.3406813627248
804.0521042084168,728.2484969939878,11302.004008016032,8772.128256513026,-345.5310621242485,-1470.5210420841684,447.1983967935872
805.5871743486974,934.7975951903977,11472.256513026052,8851.887775551098,-319.9719438877745,-1382.5290581162265,483.09218436873834
807.1222444889779,1348.6653306613252,11512.176352705414,8368.80160320641,-344.8456913827631,-1154.8316633266566,481.48897795591165
808.6573146292585,1214.492985971945,11406.044088176353,8610.789579158314,-396.62925851703403,-1084.3987975951904,479.08416833667343
810.1923847695391,962.7414829659228,11427.222444889776,8765.715430861732,-376.2304609218436,-964.8917835671366,495.3106212424859
811.7274549098197,523.5991983967815,11334.180360721442,9095.294589178364,-316.2585170340635,-1235.685370741499,550.00601202405
813.2625250501002,303.30260521041873,11361.0501002004,9307.591182364737,-239.09819639278703,-1699.6332665330594,665.5891783567121
814.7975951903808,536.328657314632,11370.380761523047,8961.859719438877,-135.75150300601115,-2136.018036072148,763.6533066132273
816.3326653306614,-1676.2164328659078,14293.659318637252,7954.276553106529,2240.232464929867,-4397.466933867894,-1888.6452905811398
817.8677354709419,-760.6573146293804,14676.072144288551,9236.977955911936,2557.066132264521,-7364.681362725423,-1573.5290581162326
819.4028056112224,-1015.3106212424773,13514.549098196392,7563.983967935865,2505.6793587174348,-8376.657314629258,-1913.5571142284584
820.937875751503,-1485.6112224449744,13394.757515030062,8702.82164328668,2340.2565130260464,-8938.492985971974,-2166.2184368737444
822.4729458917835,-1800.1122244489043,13013.587174348642,7357.675350701317,2330.809619238475,-9044.785571142265,-2295.0541082164327
824.0080160320641,181.97995991985863,12867.575150300607,7987.7755511022215,2180.2244488977954,-9781.825651302608,-2322.555110220439
825.5430861723447,-1780.8016032064002,12059.318637274537,6379.71142284571,2160.208416833665,-9186.971943887766,-2803.9218436873884
827.0781563126252,1198.765531062205,12861.691382765524,6541.154308617184,2042.3406813627307,-8328.122244488983,-3718.8637274549023
828.6132264529058,-1947.6392785570579,11948.232464929893,8917.442885771496,1955.6793587174348,-8651.729458917824,-3011.7855711423113
830.1482965931864,2281.5070140280586,12474.54108216433,6884.400801603217,1906.2204408817634,-8588.074148296597,-2696.4368737474942
831.683366733467,3991.5430861724562,12377.12224448896,7076.713426853678,1998.5050100200474,-8398.496993987947,-2886.711422845708
833.2184368737475,214.86973947888373,10469.587174348682,7823.350701402778,1828.3947895791634,-8056.723446893803,-2208.9759519038234
834.7535070140281,2699.7915831663354,11307.00601202405,8676.785571142285,1650.51503006012,-7691.168336673347,-1308.206412825649
836.2885771543087,3010.372745491178,10520.104208416917,7835.214428857735,1448.8396793587153,-7294.290581162319,-225.83767535068614
837.8236472945891,5139.3026052105015,11363.42284569142,8962.460921843649,1224.5030060120334,-6415.595190380801,220.31663326652506
839.3587174348697,5624.681362725471,12000.82565130262,9085.635270541088,1236.0,-5393.4468937875745,156.5531062124253
840.8937875751503,4077.7314629258562,10479.190380761516,8391.366733466928,1238.681362725451,-4864.2324649298425,-190.14428857716348
842.4288577154309,6454.50901803624,11986.412825651329,8281.410821643221,1281.5410821643222,-3956.0841683366007,-690.5270541082373
843.9639278557114,6790.7494989980205,11711.76753507015,8466.420841683352,1145.8136272545105,-2656.9058116232586,-1129.9098196392738
845.498997995992,4415.022044088222,9368.57715430864,7600.184368737472,884.46492985972,-2177.7454909819526,-871.2384769539118
847.0340681362725,5570.933867735413,10515.551102204296,8065.635270540951,658.2945891783543,-1122.6212424850235,-1139.931863727455
848.5691382765531,5421.274549098251,10867.663326653377,9270.525050100241,549.8697394789656,67.30661322643255,-1202.8817635270507
850.1042084168337,5101.290581162312,10811.63126252504,7802.821643286572,401.94789579158214,1079.3086172344686,-1419.803607214428
851.6392785571143,4096.4809619239495,9616.713426853788,7498.300601202402,172.2464929859716,1528.5190380761842,-1301.2384769539121
853.1743486973947,5034.3807615231335,11325.819639278616,8517.75551102201,-144.37474949897899,2145.7795591182366,-1150.659318637286
854.7094188376753,3516.6893787575127,8976.689378757526,8490.068136272552,-905.9579158316595,2552.8817635270498,-648.8396793587201
856.2444889779559,5370.156312625102,11621.338677354714,8078.957915831732,-1047.2725450901703,3849.9278557114058,-1045.5671342685441
857.7795591182364,1264.0641282565111,11612.216432865738,9648.521042084192,-648.3887775551184,3165.6212424849846,-1196.7855711422876
859.314629258517,867.454909819644,11692.272545090178,8903.687374749497,-496.1102204408835,2705.9358717434934,-1069.671342685373
860.8496993987976,542.4529058116204,11769.803607214428,8800.857715430859,-379.1683366733457,2105.426853707408,-849.7474949899774
862.3847695390782,811.398797595195,11796.929859719441,8359.67935871743,-341.76352705410636,1913.2965931863691,-623.2104208416768
863.9198396793587,194.67735470944035,11864.472945891783,8642.821643286563,-289.565130260522,1589.3687374749588,-403.1042084168381
865.4549098196393,73.94789579158487,11813.803607214428,8576.593186372744,-231.44689378757505,1067.0921843687363,-71.28857715430763
866.9899799599199,628.3527054108358,11823.679358717436,8249.282565130256,-201.1903807615223,660.7555110220334,158.80761523046556
868.5250501002004,931.6072144288519,11806.292585170348,8246.59719438878,-207.69939879759568,349.44288577154884,325.5791583166299
870.060120240481,1457.531062124248,11806.557114228457,7984.7214428857715,-232.80360721442867,319.72144288577147,422.60721442885733
871.5951903807616,1927.3026052104387,11843.519038076156,7912.673346693383,-369.32464929860225,638.7134268537218,452.81162324649176
873.1302605210421,2115.9839679358774,11793.010020040092,8055.527054108199,-462.16432865731804,943.0300601202453,409.7815631262529
874.6653306613226,2302.4529058116204,11890.805611222448,7732.160320641285,-576.5330661322628,1089.8396793587153,369.7575150300613
876.2004008016032,2151.0701402805557,11881.579158316632,7804.905811623251,-698.8156312625257,1151.394789579158,256.5951903807613
877.7354709418837,1706.6613226453064,11869.418837675348,7998.348697394791,-749.85771543086,1135.1162324649304,265.3867735470926
879.2705410821643,1307.6713426853712,11735.438877755514,8498.725450901802,-738.7535070140284,894.0721442885781,325.9278557114219
880.8056112224449,1289.5551102204408,11860.456913827657,8518.108216432865,-714.693386773547,834.5531062124246,403.975951903808
882.3406813627255,1377.1062124248629,11768.657314629254,8365.362725450901,-647.0220440881765,692.4729458917843,472.1543086172353
883.875751503006,1743.1262525050033,11792.072144288573,8297.939879759522,-646.3727454909821,783.8176352705375,529.7875751502986
885.4108216432866,2089.298597194388,11734.012024048096,8150.396793587176,-669.8597194388776,1014.9418837675344,490.35671342685373
886.9458917835672,3412.3607214429235,11894.589178356717,7491.703406813613,-872.2324649298654,2238.20440881767,189.09819639277657
888.4809619238476,3857.4509018035897,11827.639278557108,7620.70541082164,-1056.1202404809555,2978.919839679329,-115.05410821642363
890.0160320641282,4607.783567134265,11855.615230460922,7447.679358717435,-1202.1803607214406,4186.855711422829,-513.0501002003955
891.5511022044088,4987.695390781568,11876.088176352707,7447.839679358718,-1401.0300601202425,5733.697394789597,-1009.2725450901862
893.0861723446894,5219.438877755525,11897.242484969938,7413.106212424846,-1611.220440881769,7498.022044088246,-1548.9539078156486
894.6212424849699,5587.278557114223,11915.214428857713,7282.845691382769,-1804.6713426853664,9696.334669338634,-2111.9519038076037
896.1563126252505,1820.5130260519459,13809.018036072219,8969.354709418909,-1627.3126252504858,11370.466933867714,-1962.691382765504
897.6913827655311,-11798.525050099728,16216.16032064082,16620.761523045963,2461.6513026053262,-3408.4348697401674,5778.488977956145
899.2264529058116,1783.631262524963,12061.635270541186,6490.901803607179,2764.2304609218786,-6520.408817635531,7282.603206412865
900.7615230460922,5477.867735470929,11030.533066132259,6431.615230460927,1809.2284569138294,-878.2484969939912,6174.591182364731
902.2965931863728,6982.196392785525,10893.18637274555,4917.362725450948,641.254509018021,2445.278557114332,4178.3326653306285
903.8316633266534,-492.5611222449734,12562.805611222466,8458.476953908,339.711422845696,5162.569138276569,3793.6833667334977
905.3667334669339,-4738.460921843705,12714.028056112185,9413.010020040094,809.1743486973929,3950.5811623246536,4757.967935871743
906.9018036072144,-534.9659318636573,12130.172344689337,9110.468937875756,1418.573146292596,2573.5030060120002,5899.959919839702
908.4368737474949,3111.8316633269806,11531.070140280444,6598.124248496957,993.7074148296858,3908.9398797594517,5721.875751503043
909.9719438877755,4691.911823647166,11071.87975951908,7507.503006012008,570.2184368737526,4740.771543086166,5197.386773547099
911.5070140280561,1242.2605210420688,11690.685370741488,7400.753507014023,202.07815631262338,5732.845691382769,4776.855711422843
913.0420841683367,918.6372745490462,12203.406813627262,7706.468937875781,33.675350701399566,5317.168336673347,4558.382765531054
914.5771543086172,615.9038076151696,11695.575150300647,8630.861723446878,140.95791583165112,5161.128256513037,4619.901803607198
916.1122244488978,3787.6312625250584,12430.781563126253,8395.91983967935,306.86973947895626,5963.022044088177,4978.571142284567
917.6472945891784,5094.981963927995,11743.374749498978,8622.989979959852,578.0340681362694,6387.180360721466,5316.839679358712
919.1823647294589,1769.4188376755192,11339.294589178355,9344.513026052024,512.8657314629215,7788.553106212425,5635.326653306551
920.7174348697395,1550.06813627249,10823.87975951905,9020.248496994023,685.1583166332643,7600.553106212429,6637.8677354709425
922.2525050100201,4931.134268536978,11626.34068136269,7608.416833667323,215.44088176352102,9625.52505010022,5636.218436873742
923.7875751503007,-1781.074148296786,11618.981963927949,9114.388777555243,138.6032064128367,9352.789579158249,5792.062124248523
925.3226452905811,3796.120240481125,12156.36072144295,8514.925851703318,41.7595190380689,10192.827655310652,4905.376753506992
926.8577154308617,2070.1883767535282,11670.476953907826,7277.09018036069,48.45290581162169,9883.036072144292,4406.8597194388685
928.3927855711422,2639.5751503007486,12023.551102204388,6334.444889779863,-635.492985971865,10395.847695390701,1260.4228456917363
929.9278557114228,330.82164328661656,11776.60921843689,6403.398797595083,-1567.2945891783459,12265.01603206408,-2878.036072144241
931.4629258517034,-6879.879759519048,11720.360721442885,9384.104208416837,-1478.4308617234474,9549.060120240489,-1693.711422845694
932.997995991984,-3611.5991983967388,11752.216432865727,8959.975951903809,-1367.08016032064,6595.645290581107,-815.0020040080008
934.5330661322646,-2910.6773547094162,11615.238476953898,9532.416833667363,-1175.1102204408712,4929.817635270472,-202.70340681360221
936.0681362725451,-2367.246492985993,11529.995991983968,9746.092184368737,-867.4388777555133,3144.4308617234615,338.444889779556
937.6032064128257,-578.3246492985822,11587.871743486972,9495.60721442885,-628.2965931863697,1808.1362725450765,607.7815631262548
939.1382765531062,11.783567134258192,11664.593186372738,9271.871743486972,-439.2044088176417,740.961923847738,679.9038076152292
940.6733466933867,547.8476953907666,11692.585170340684,9180.184368737479,-282.35871743487223,-161.5591182364617,721.5671342685362
942.2084168336673,1170.7094188376796,11683.503006012024,8728.665330661323,-183.8697394789574,-620.8496993987992,656.2404809619229
943.7434869739479,1602.7655310621258,11795.270541082169,8742.765531062127,-105.74749498997835,-734.3647294589155,488.67735470941443
945.2785571142284,1962.260521042093,11778.741482965928,8651.054108216425,-39.80761523046215,-444.64529058116864,358.5871743487012
946.813627254509,1603.2384769539085,11756.87374749499,8598.965931863728,-5.422845691382804,-292.70941883767546,243.50501002004023
948.3486973947896,1911.1903807615377,11827.815631262525,8204.785571142274,-12.52705410821818,28.663326653319473,117.82765531061818
949.8837675350701,2170.044088176355,11749.298597194393,7891.8076152304675,-117.05010020039708,623.1102204408639,-56.4709418837615
951.4188376753507,1609.659318637281,11884.440881763529,7995.6633266533045,-220.15631262524948,1146.0440881763486,-157.104208416833
952.9539078156313,813.442885771532,11839.2625250501,8145.050100200402,-283.9398797595195,1525.7675350701447,-164.96793587174307
954.4889779559119,580.072144288567,11759.29458917836,8123.29458917836,-361.0040080160345,1707.3647294589234,-91.23847695390418
956.0240480961924,254.21242484969707,11708.673346693386,8395.43887775552,-409.33667334669303,1772.8977955911855,27.034068136271458
957.559118236473,695.1262525050156,11774.02004008016,8184.4248496994005,-478.9118236472955,1362.967935871739,30.42084168336612
959.0941883767534,977.4749498997835,11776.232464929863,8346.693386773535,-534.7755511022053,1089.6312625250541,-26.49899799598711
960.629258517034,1405.4989979959792,11732.448897795592,8321.875751503016,-520.4829659318639,1069.4629258517016,-128.643286573144
962.1643286573146,2053.507014028055,11728.432865731462,8193.69138276553,-549.7655310621242,1361.8997995991976,-284.11422845691345
963.6993987975952,2423.238476953906,11845.57114228457,8253.643286573144,-580.9939879759522,1791.9659318637346,-558.3827655310683
965.2344689378758,1879.23046092183,11829.050100200391,8432.665330661308,-591.3446893787582,2043.452905811634,-801.0601202404903
966.7695390781563,1809.2665330661307,11795.719438877753,8107.326653306616,-610.5430861723445,2334.450901803604,-963.6372745490972
968.3046092184369,1480.5931863727374,11775.815631262525,8038.140280561127,-671.2705410821651,2601.971943887777,-1116.4949899799612
969.8396793587174,227.25450901810473,11670.749498998,8630.068136272514,-660.0541082164355,2456.5911823647425,-1165.1983967935869
971.374749498998,-745.955911823643,11706.981963927854,8588.56913827656,-591.7494989979959,1854.3687374749616,-963.6653306613266
972.9098196392786,-1347.302605210426,11759.278557114229,8532.456913827657,-551.1482965931859,579.9438877755408,-391.71342685370246
974.4448897795592,-1295.903807615221,11679.575150300603,8626.69338677355,-566.330661322645,42.985971943875484,18.863727454918262
975.9799599198396,-1089.7635270541114,11684.400801603208,8836.392785571135,-530.6613226452918,-371.7094188376659,306.3126252504944
977.5150300601202,-938.4529058116236,11667.639278557115,8850.180360721442,-471.4589178356714,-820.1703406813622,620.581162324649
979.0501002004008,-742.7735470941798,11627.799599198397,9098.605210420843,-369.5911823647266,-1376.983967935883,836.0661322645343
980.5851703406813,25.29058116228316,11635.703406813627,9101.186372745495,-234.5050100200442,-1717.725450901802,1027.6212424849668
982.1202404809619,673.9158316633184,11636.633266533066,8899.190380761524,-128.86773547094253,-1745.0440881763525,1070.3426853707424
983.6553106212425,1259.7274549098202,11591.03006012024,8945.258517034072,-21.745490981961893,-1831.4288577154332,940.8136272545069
985.1903807615231,1403.5751503006268,11573.899799599201,9128.753507014033,125.03807615231017,-1968.382765531061,788.5370741482889
986.7254509018036,1970.4208416833603,11720.464929859716,8445.531062124273,283.6232464929834,-1603.3326653306729,419.1903807615315
988.2605210420842,1666.0040080160243,11760.472945891785,7942.861723446897,244.26853707414807,-1287.8076152304616,146.8056112224442
989.7955911823647,648.9218436874144,11816.26452905812,8309.48296593185,220.83967935871806,-1410.5370741482893,92.43086172344738
991.3306613226453,-193.7474949899679,11737.066132264525,8508.969939879755,230.25050100200292,-1767.0460921843562,199.40480961923504
992.8657314629259,-385.90781563126257,11776.296593186373,8600.0,271.7775551102204,-2339.3066132264526,383.60521042084156
994.4008016032064,-440.03206412825784,11694.364729458917,8444.857715430864,315.607214428858,-2952.579158316649,582.7034068136315
995.935871743487,-621.226452905823,11705.434869739482,8488.0,325.6793587174352,-3754.472945891821,742.3567134268596
997.4709418837675,-903.7675350701402,11719.04609218437,8749.442885771543,385.67535070140184,-4686.4829659318575,977.5310621242464
999.0060120240481,-733.2825651302505,11672.505010020042,8458.581162324645,454.82565130260457,-5493.26653306614,1228.1002004008055
1000.5410821643286,-164.96192384770802,11758.164328657314,8219.671342685371,423.294589178357,-6075.775551102182,1453.8276553106166
1002.0761523046092,-276.12024048096555,11747.695390781562,8684.38476953908,477.7775551102184,-7297.390781563115,1788.747494989977
1003.6112224448898,176.0561122244544,11805.122244488979,8325.507014028051,552.6653306613225,-7936.2004008016065,1971.178356713428
1005.1462925851704,665.7715430861581,11743.51102204409,8063.9839679358865,554.0480961923854,-8318.9358717435,2071.3627254509047
1006.6813627254509,11.711422845710786,11780.35270541082,8641.074148296579,610.2885771543064,-8932.45090180359,2187.3226452905783
1008.2164328657315,534.9178356713419,14335.174348697392,9547.254509018036,1072.148296593186,-10080.09619238477,2126.4589178356714
1009.7515030060121,-2115.767535070383,18257.138276552905,11669.907815631215,2905.921843687407,-11924.99398797602,1305.034068136262
1011.2865731462925,-5448.961923847826,13633.23446893784,8218.629258517198,3775.3707414829387,-15316.27254509015,1771.3106212425064
1012.8216432865731,-1408.336673346721,15570.933867735452,6701.130260521028,4553.663326653302,-16495.6513026052,1186.220440881767
1014.3567134268537,-3139.3907815631737,15324.825651302546,8201.41883767532,5134.5711422845725,-18053.10621242487,745.450901803606
1015.8917835671343,1091.8637274552657,12853.82765531057,4720.3206412823965,5459.595190380775,-16982.498997995885,323.1823647294341
1017.4268537074148,4055.494989979976,13808.36873747497,6638.12424849697,5555.180360721445,-15111.246492985993,-368.78757515029406
1018.9619238476954,3594.284569138276,12946.16432865731,7210.1322645290575,5606.583166332666,-12763.687374749477,-919.769539078161
1020.4969939879759,2814.0200400800704,11710.020040080071,6855.374749498984,5298.619238476967,-11399.877755511143,-1210.1222444889581
1022.0320641282565,5664.0160320641535,11193.699398797577,5856.809619238438,5271.026052104207,-8567.969939879738,-2002.703406813615
1023.5671342685371,4536.200400801603,11051.975951903807,7240.224448897796,5027.507014028056,-9123.869739478958,-2260.7214428857715
1025.1022044088177,6828.745490982001,9624.376753507077,6202.124248497046,4495.571142284556,-6549.322645290533,-2266.719438877748
1026.6372745490983,7715.174348697387,10362.012024048001,7828.7535070140575,3777.547094188336,-4818.044088176301,-1856.2384769538846
1028.1723446893789,8171.599198396158,8676.016032063899,6825.314629258408,2759.02805611208,-2585.643286572907,-1357.8537074147393
1029.7074148296592,4073.018036072015,8371.334669338481,6556.376753506936,1198.7254509018544,-140.2204408818302,-270.5110220441343
1031.2424849699398,9784.424849699455,11793.923847695405,7867.967935871773,606.278557114251,609.3346693386761,-124.82965931862668
1032.7775551102204,9175.959919839675,12278.028056112205,9458.541082164273,127.60521042084656,593.3426853707424,-194.1322645290602
1034.312625250501,4341.30661322636,10624.320641282498,8003.014028056089,-128.9318637274605,44.977955911809204,12.869739478963538
1035.8476953907816,6457.571142284969,11215.855711423083,7867.647294589242,-485.9278557114253,88.23847695395443,322.76152304609195
1037.3827655310622,3804.9378757513414,12210.372745490986,8930.036072144387,-391.7294589178173,132.85971943885033,-92.42084168336851
1038.9178356713428,2285.3066132264175,12206.95791583166,9401.635270541046,-9.609218436843548,-356.93987975955406,-55.51903807614599
1040.4529058116232,2275.839679358727,12235.551102204405,8471.911823647308,175.06613226451918,-861.9739478957599,-40.0360721442903
1041.9879759519038,2298.8937875751462,12335.134268537071,8293.058116232469,342.79759519037634,-1372.4769539078027,6.57915831663172
1043.5230460921844,3722.0921843687374,12544.36873747495,6504.304609218436,357.480961923849,-461.90781563126757,230.8176352705418
1045.058116232465,3202.8456913827567,12512.048096192382,6827.76753507014,222.943887775549,178.35871743487155,128.34869739478972
1046.5931863727455,2864.7454909819644,12433.763527054107,6814.509018036071,102.4428857715393,302.38677354709944,129.84769539078115
1048.128256513026,2937.1222444889936,12494.973947895793,6994.973947895793,3.1262525050151453,488.8256513025917,133.0
1049.6633266533067,2838.653306613227,12426.97394789578,7149.8517034068445,-59.849699398803295,629.0661322645392,133.66332665330674
1051.198396793587,2805.39478957915,12441.619238476955,7178.348697394787,-85.33266533065853,704.8557114228397,144.19038076152265
1052.7334669338677,2975.4789579158287,12520.016032064124,7250.941883767533,-148.33867735470812,918.5591182364667,146.7995991983969
1054.2685370741483,3085.370741482966,12554.813627254509,7080.256513026052,-220.50100200400811,1142.9939879759522,125.65731462925851
1055.803607214429,3225.3627254509074,12453.354709418836,6939.855711422844,-295.3587174348713,1432.5250501002076,95.48096192384651
1057.3386773547095,2784.9218436873343,12371.807615230458,7120.3767535070365,-406.8697394789606,1564.5170340681343,59.37074148296642
1058.8737474949899,2173.3306613226778,12421.394789579148,7157.250501002029,-457.33867735470585,1165.9198396794122,101.57114228456385
1060.4088176352705,2879.6553106211895,12459.799599198392,6688.176352705409,-553.8316633266429,758.9178356713455,63.24448897796151
1061.943887775551,3292.408817635267,12556.633266533063,6624.488977955916,-739.0981963927788,927.8336673346585,-12.699398797592949
1063.4789579158316,3188.168336673347,12417.410821643287,6955.831663326653,-830.7635270541075,1209.8857715430831,-123.01603206412778
1065.0140280561122,3094.765531062123,12558.709418837674,7109.531062124246,-880.6032064128262,1407.9018036072143,-175.68737474949967
1066.5490981963928,2924.5370741482893,12500.94589178357,7054.605210420852,-956.4949899799628,1318.0861723446822,-244.86573146292767
1068.0841683366734,2721.010020040081,12466.276553106207,7367.663326653306,-993.6533066132251,1135.6132264529006,-313.7474949899797
1069.6192384769538,2632.9218436873925,12386.661322645294,7532.432865731433,-977.1422845691386,947.5791583166565,-326.4809619238449
1071.1543086172344,2130.717434869748,12354.69338677356,8019.110220440876,-919.9098196392936,513.2905811623659,-303.0521042084338
1072.689378757515,2044.2725450901798,12276.665330661319,8052.4248496994005,-690.8877755511062,-22.725450901798467,-85.97795591182557
1074.2244488977956,2124.080160320641,12370.124248496995,8154.204408817635,-559.8196392785578,-189.1002004008012,31.529058116232136
1075.7595190380762,2221.8757515030084,12299.543086172343,8151.038076152305,-433.20040080160106,-284.00200400801805,84.54509018036151
1077.2945891783568,2363.198396793605,12394.885771543093,7945.082164328645,-351.038076152302,-363.09218436873425,138.42685370741674
1078.8296593186374,2581.9559118236484,12351.935871743472,7721.034068136263,-301.7474949899779,-338.2745490981979,156.85170340681316
1080.3647294589177,2779.0701402805134,12389.883767535064,7656.985971943897,-253.69338677355017,-227.99599198398482,160.11623246493582
1081.8997995991983,3335.943887775533,12356.016032064133,7452.032064128267,-229.50100200400834,47.362725450889684,82.40881763527341
1083.434869739479,3277.0501002003984,12385.563126252506,7378.781563126253,-238.56312625250575,295.0220440881685,-22.138276553103424
1084.9699398797595,3471.3106212424855,12282.765531062123,7232.328657314629,-260.8877755511023,703.7635270541091,-131.19639278557133
1086.5050100200401,3337.010020040043,12358.541082164333,7175.302605210431,-321.41082164328964,1146.589178356729,-382.607214428866
1088.0400801603207,2677.4348697394744,12416.641282565131,7394.557114228454,-377.3206412825657,1408.80561122245,-463.44088176352784
1089.5751503006013,2544.681362725438,12452.705410821647,7401.410821643294,-403.97995991984317,1457.0200400801568,-471.12424849699346
1091.1102204408817,2358.236472945893,12464.977955911832,7524.753507014015,-406.2364729458932,1371.8977955911832,-458.15030060120625
1092.6452905811623,2470.476953907805,12437.947895791578,7518.0360721443,-386.83767535070183,1395.9098196392758,-408.67535070140366
1094.1803607214429,2454.292585170342,12302.685370741485,7373.971943887773,-388.36072144288573,1480.6052104208425,-392.2124248496998
1095.7154308617235,2392.0,12278.372745490982,7560.681362725452,-369.2525050100196,1463.4549098196396,-381.43887775551116
1097.250501002004,2265.947895791578,12320.024048096195,7690.965931863724,-329.2404809619229,1551.0,-344.98997995991886
1098.7855711422844,2074.877755511043,12390.565130260515,7567.727454909833,-311.0721442885779,1474.0140280561263,-273.4388777555214
1100.3206412825652,2036.5611222445332,12444.368737474959,7524.505010019986,-281.9398797595227,1339.9899799599107,-171.77354709416886
1101.8557114228456,2196.160320641291,12410.428857715438,7174.348697394793,-345.7855711422808,1231.378757515035,-38.46292585170522
1103.3907815631262,2299.4869739478827,12438.388777555107,7153.563126252505,-429.65531062124273,1082.1402805611265,8.805611222446714
1104.9258517034068,2332.7535070140293,12410.525050100201,7263.3987975951895,-499.1422845691377,909.82364729459,3.2945891783565457
1106.4609218436874,2054.284569138271,12374.09218436874,7671.214428857723,-500.3366733466921,638.8156312625197,9.412825651304729
1107.995991983968,2139.1983967935994,12284.577154308608,7732.352705410816,-442.1322645290561,436.3807615230403,64.94789579158396
1109.5310621242484,2495.23046092183,12401.60320641281,7531.687374749543,-417.87575150300654,364.7795591182353,79.34468937875818
1111.0661322645292,2716.6573146292285,12331.438877755518,7599.639278557137,-449.21442885771194,416.9258517034086,54.0
1112.6012024048096,2346.092184368754,12367.975951903809,7831.33466933867,-399.3507014028082,395.1302605210458,57.00601202404778
1114.1362725450902,2334.164328657309,12331.815631262525,7728.200400801609,-326.1823647294591,288.555110220444,75.9098196392788
1115.6713426853707,2489.258517034068,12350.629258517034,7619.134268537075,-345.16833667334686,247.35070140280595,47.51703406813613
1117.2064128256513,1925.819639278544,12339.61523046092,7900.456913827663,-309.4088176352682,291.9639278557088,101.60521042084292
1118.741482965932,1688.6252505010052,12309.795591182366,7978.885771543079,-232.8236472945864,199.4428857715393,203.37274549098947
1120.2765531062123,1788.513026052111,12341.018036072135,7932.336673346683,-163.278557114234,115.83567134270197,329.2745490981906
1121.811623246493,1689.5631262525112,12412.232464929857,8005.739478957915,-81.30260521042601,-210.44288577151906,442.7274549098113
1123.3466933867735,2061.130260521022,12361.811623246496,7471.727454909831,-76.73346693386748,-591.5651302605111,461.9338677354699
1124.881763527054,2558.8937875751453,12457.555110220437,7313.891783567135,-112.62525050100135,-744.3346693386768,448.5470941883773
1126.4168336673347,2343.671342685371,12406.989979959919,7524.697394789582,-126.83166332665314,-894.8557114228479,409.2464929859716
1127.9519038076153,2443.7675350701447,12406.26853707415,7571.078156312622,-133.37474949899865,-1052.9599198396836,397.9519038076153
1129.4869739478959,2581.563126252495,12361.91583166334,7523.583166332668,-105.38276553106289,-785.324649298569,371.52104208416495
1131.0220440881762,2806.5571142284443,12350.29258517033,7348.649298597211,-105.60921843686583,-548.7294589178468,319.3166332665364
1132.5571142284568,2920.0,12402.973947895798,7182.172344689381,-197.61322645290306,-455.2424849699389,253.34468937876227
1134.0921843687374,3175.5991983967833,12443.575150300603,6943.486973947889,-305.7935871743466,-487.1723446893848,110.519038076156
1135.627254509018,3380.4008016032067,12410.036072144288,7151.198396793587,-381.8537074148294,-189.16833667334822,-28.825651302604683
1137.1623246492986,3286.3647294589155,12415.430861723442,7254.180360721446,-416.05811623246564,210.59318637275464,-162.14829659318866
1138.6973947895792,3335.951903807626,12404.689378757528,7102.517034068114,-482.33066132264935,666.8096192384935,-283.6993987976
1140.2324649298598,3427.278557114205,12502.140280561121,6862.669338677384,-617.8997995992058,1130.3667334669635,-440.96993987976657
1141.7675350701402,2862.3727454910295,12440.737474949907,7258.717434869719,-687.7454909819626,1535.6252505009807,-556.8677354709343
1143.3026052104208,2198.172344689413,12394.372745490993,7648.9378757514805,-653.422845691387,1690.9619238476987,-540.6873747495065
1144.8376753507014,1501.0340681362832,12226.388777555112,7967.01402805611,-555.7394789579175,1436.2044088176426,-382.44689378757766
1146.372745490982,1489.026052104211,12305.891783567135,8017.667334669337,-447.1262525050097,1011.6332665330651,-221.6713426853703
1147.9078156312626,1872.569138276558,12274.268537074146,7871.943887775553,-385.6733466933856,719.8056112224367,-142.22645290581022
1149.4428857715432,1857.4829659318566,12276.689378757525,8107.831663326661,-281.18436873747146,364.8216432865552,-83.02805611222311
1150.9779559118238,1917.4428857715557,12230.64529058115,7933.290581162299,-184.5871743486896,15.827655310597493,-22.1462925851647
1152.5130260521041,2254.5731462925814,12334.677354709414,7859.655310621258,-128.1142284569196,-138.8857715430804,11.260521042082473
1154.0480961923847,1860.0721442885897,12347.80761523046,7877.811623246483,-69.4509018036099,-276.6192384769438,30.62725450901212
1155.5831663326653,1575.0140280561136,12295.014028056114,8025.346693386775,21.821643286571998,-594.1302605210385,182.23847695390668
1157.118236472946,1636.0801603206437,12343.959919839679,7853.59519038076,77.08416833667411,-747.6953907815646,299.15831663326776
1158.6533066132265,2746.4128256513814,12365.010020040087,7389.242484969909,-67.92585170342136,-807.5871743486964,263.3106212424773
1160.1883767535069,3142.8456913827904,12396.0,7400.87374749501,-169.63727454909622,-590.6853707415034,131.19038076153265
1161.7234468937877,2878.460921843667,12442.300601202413,7367.919839679373,-207.76753507014473,-363.759519038058,23.188376753498233
1163.258517034068,2537.1943887775706,12391.374749498995,7579.102204408817,-183.2244488977958,-355.2244488977958,-23.843687374748697
1164.7935871743487,2443.4869739478927,12462.092184368736,7457.85170340682,-185.76152304609195,-339.5090180360728,-13.74749498998085
1166.3286573146293,2396.3366733466937,12387.078156312626,7378.573146292585,-210.41282565130268,-322.71943887775524,-22.887775551102095
1167.8637274549098,2292.7214428857696,12431.647294589182,7423.094188376755,-230.09418837675457,-426.052104208419,-24.316633266532563
1169.3987975951904,2283.8797595190445,12364.857715430859,7468.360721442867,-229.3867735470949,-446.8697394789542,14.338677354712672
1170.9338677354708,2493.41883767533,12455.535070140264,7306.677354709416,-250.0080160320622,-383.9839679358756,14.182364729463188
1172.4689378757516,2154.388777555032,12369.130260521046,7619.414829659347,-275.3046092184313,-293.4248496994119,81.71342685372565
1174.004008016032,2045.4749498997771,12384.288577154304,7563.535070140288,-255.96392785571197,-328.8917835671359,209.97595190380798
1175.5390781563126,2437.8757515030047,12462.46893787575,7467.4068136272535,-253.46893787575118,-306.3126252505008,184.05410821643386
1177.0741482965932,2683.1182364729466,12304.296593186373,7435.2625250501005,-251.51703406813613,-345.8136272545089,152.81162324649267
1178.6092184368738,2737.883767535068,12325.058116232467,7510.116232464932,-243.3567134268544,-342.575150300602,99.59719438877664
1180.1442885771544,2633.69138276553,12372.577154308618,7538.444889779537,-231.97995991983862,-355.9559118236525,35.54709418837547
1181.6793587174348,2658.044088176346,12386.869739478956,7397.979959919821,-240.38076152304257,-410.24448897795673,6.054108216435452
1183.2144288577153,2659.422845691386,12420.288577154308,7342.268537074158,-280.07214428857674,-301.48296593187365,-15.286573146292085
1184.749498997996,2681.963927855708,12468.977955911821,7188.040080160325,-307.2344689378742,-129.302605210426,-28.24448897795537
1186.2845691382765,2544.6172344689385,12460.617234468938,7362.084168336671,-352.8456913827654,22.28657314629072,-60.13026052104192
1187.8196392785571,2220.929859719432,12441.835671342686,7665.042084168341,-351.80360721442867,206.8977955911846,-28.6573146292576
1189.3547094188377,1994.8216432865802,12331.21442885772,7681.434869739473,-314.70941883767546,138.04208416833262,39.218436873750534
1190.8897795591183,2047.9679358717403,12309.699398797587,7692.977955911832,-298.2044088176335,103.23647294589318,95.57515030060313
1192.4248496993987,1830.0120240481046,12304.496993987974,7826.380761523033,-233.28657314630073,-23.002004007999858,196.06613226452282
1193.9599198396793,1699.5270541082227,12269.923847695394,7923.038076152303,-115.08617234469489,-287.62525050098884,277.99599198396436
1195.4949899799599,2178.557114228446,12317.338677354704,7757.899799599198,-67.65531062124364,-444.75951903807436,342.10020040080235
1197.0300601202405,2577.739478957915,12372.120240480963,7651.879759519038,-35.737474949899934,-506.00801603206423,326.27855711422853
1198.565130260521,3018.5891783567204,12387.302605210421,7636.6973947895785,6.130260521042146,-425.9639278557088,254.9639278557088
1200.1002004008017,3046.3567134268396,12424.400801603206,7702.388777555107,32.406813627256724,-312.38877755510657,138.09218436873493
1201.6352705410823,2824.0480961923804,12400.04809619238,7550.356713426838,61.72945891783547,-186.40280561121062,64.24849699398192
1203.1703406813626,2786.965931863737,12477.338677354726,7349.867735470945,35.17034068136263,1.6272545090105268,-48.747494989977895
1204.7054108216432,2689.8917835671355,12353.394789579157,7303.070140280563,12.016032064130286,122.31663326652847,-81.81362725450776
1206.2404809619238,2918.020040080155,12451.390781563125,7019.503006012033,-33.65531062123955,269.02204408817306,-144.58116232464818
1207.7755511022044,3113.226452905812,12515.511022044087,6882.701402805613,-186.14629258517107,456.188376753508,-274.16833667334777
1209.310621242485,2833.6032064128176,12448.4248496994,7046.452905811619,-278.9398797595204,580.985971943891,-352.4849699398801
1210.8456913827656,2764.889779559124,12459.086172344687,6741.971943887755,-403.3286573146386,691.1983967935926,-395.21042084168676
1212.3807615230462,2313.418837675301,12395.783567134284,7125.090180360752,-507.52705410821454,651.1963927855677,-402.38877755510566
1213.9158316633266,1988.3767535070183,12373.763527054118,7435.206412825639,-529.9699398797566,669.5490981963894,-329.3767535070183
1215.4509018036072,2112.5370741482893,12369.018036072142,7461.266533066139,-521.2545090180358,766.170340681359,-221.0040080160345
1216.9859719438878,2089.5150300601217,12423.382765531062,7604.80160320641,-549.6352705410818,892.8076152304598,-89.472945891785
1218.5210420841684,1856.0641282565111,12417.474949899797,7573.555110220446,-515.8737474949899,748.7274549098174,-3.6533066132251406
1220.056112224449,1834.95791583167,12415.73547094188,7778.428857715429,-513.3627254508992,595.5571142284516,96.62725450901962
1221.5911823647293,1966.1883767535037,12344.0,7778.01202404809,-431.7555110220528,410.5931863727674,157.69739478957126
1223.1262525050101,2059.6953907815823,12285.050100200406,8074.869739478945,-357.0761523046044,202.76352705409727,190.535070140284
1224.6613226452905,2278.0040080160234,12351.743486973945,7819.991983967953,-293.9018036072175,37.04408817636204,207.72545090180438
1226.196392785571,2689.571142284569,12282.14028056112,7641.571142284569,-268.1082164328668,-55.69539078156208,152.41282565130473
1227.7314629258517,2614.0761523046094,12363.406813627254,7630.444889779559,-235.95390781563128,-80.4629258517034,81.59318637274555
1229.2665330661323,2652.2645290581168,12334.396793587175,7624.272545090179,-242.80360721442798,-9.805611222443531,29.667334669338516
1230.801603206413,2471.615230460906,12319.935871743484,7569.555110220439,-227.00801603206446,22.603206412825784,-3.6593186372770106
1232.3366733466933,2509.94789579156,12324.280561122234,7550.53306613227,-204.0501002003989,-38.71943887776615,-31.416833667331503
1233.871743486974,2799.374749499024,12383.486973947896,7265.9639278556715,-234.0501002004039,132.07014028057893,-68.92184368737799
1235.4068136272545,3031.863727454911,12387.390781563125,7277.899799599196,-301.17034068136127,353.8537074148189,-192.9519038076105
1236.941883767535,2790.180360721449,12464.280561122243,7439.631262525047,-329.18637274549064,612.7595190380723,-268.31462925851633
1238.4769539078156,2389.474949899799,12456.184368737475,7464.8577154308605,-351.75350701402795,713.9859719438882,-300.1543086172346
1240.0120240480962,2342.028056112217,12368.48096192385,7368.144288577155,-348.3967935871758,657.472945891778,-296.9759519038075
1241.5470941883768,2105.595190380751,12432.07214428858,7386.565130260522,-384.8296593186378,527.6232464929853,-278.58717434869504
1243.0821643286572,1861.8116232465072,12458.685370741485,7486.685370741485,-402.3286573146288,501.7274549098256,-206.4128256513104
1244.6172344689378,1765.2825651302583,12377.338677354717,7501.627254509014,-397.97595190380866,408.94188376754096,-102.02805611222993
1246.1523046092184,1841.242484969931,12403.126252505012,7663.390781563126,-397.51703406813795,269.008016032069,-11.088176352712708
1247.687374749499,2025.9959919839675,12318.260521042084,7599.511022044089,-338.8176352705416,186.87374749498986,138.49699398797566
1249.2224448897796,2124.4729458917864,12394.244488977958,7662.2044088176335,-318.77354709418796,151.09418837675184,182.4408817635267
1250.7575150300602,2320.9619238477026,12396.248496993983,7612.120240480963,-292.63727454909736,105.63527054108317,171.51503006012035
1252.2925851703408,2471.703406813631,12382.917835671351,7501.64328657316,-279.85170340681543,131.70741482965923,166.51503006011762
1253.8276553106211,2516.553106212423,12388.408817635278,7618.621242484969,-276.61923847695607,101.20440881763898,106.2725450901853
1255.3627254509017,2419.567134268532,12367.174348697386,7556.5130260521155,-259.89178356713296,61.3426853707399,73.10821643286704
1256.8977955911823,2403.3587174348722,12522.188376753504,7383.767535070143,-309.70741482965786,47.27054108216544,40.35070140280641
1258.432865731463,2352.3607214428857,12374.629258517034,7422.813627254509,-310.1943887775551,57.79158316633266,12.208416833667343
1259.9679358717435,2345.795591182363,12377.410821643285,7575.743486973948,-311.1923847695389,105.7494989979973,35.877755511023224
1261.5030060120241,2394.9498997996207,12373.843687374745,7483.350701402791,-328.12024048096464,278.4328657314727,-9.66533066132638
1263.0380761523047,2534.973947895778,12394.62925851703,7369.827655310626,-374.3527054108199,455.51302605211094,-23.83767535070365
1264.573146292585,2410.2925851703403,12362.29258517034,7441.2184368737435,-364.30460921843587,543.0721442885733,-65.63326653306285
1266.1082164328657,2199.1503006011944,12338.701402805611,7592.312625250507,-381.3767535070149,515.99599198397,-73.83567134268651
1267.6432865731463,2182.4769539078206,12340.865731462925,7580.913827655308,-378.9358717434866,464.98797595190445,-72.08216432865675
1269.1783567134269,2108.7615230460897,12338.981963927858,7737.987975951904,-349.4268537074149,429.97995991983885,-55.93587174348659
1270.7134268537075,1933.7074148296597,12393.73146292585,7595.6553106212305,-333.17034068136127,266.55310621241824,-10.87775551102095
1272.2484969939878,2017.8436873747341,12404.921843687367,7401.891783567124,-335.9579158316592,64.59919839680333,37.20641282564702
1273.7835671342687,2193.1623246493127,12422.060120240478,7496.74549098197,-353.8657314629254,33.805611222447624,62.917835671343255
1275.318637274549,2203.278557114196,12460.881763527059,7599.37474949898,-374.9959919839607,15.486973947882234,34.14028056113739
1276.8537074148296,2381.5551102204463,12300.480961923855,7639.310621242491,-432.73146292585193,216.5170340681318,-113.9278557114219
1278.3887775551102,2317.5711422845707,12364.665330661323,7635.3346693386775,-406.83366733466937,256.88577154308587,-111.94589178356728
1279.9238476953908,2143.3106212424827,12401.563126252506,7472.793587174345,-422.5531062124253,219.49298597194252,-102.15230460921839
1281.4589178356714,2124.21643286572,12365.178356713428,7320.713426853712,-443.6993987975984,174.2384769539026,-111.6573146292576
1282.9939879759518,1992.1442885771576,12328.288577154315,7527.01402805609,-460.08416833667525,58.40280561123154,-67.21643286573635
1284.5290581162326,2081.9318637274373,12254.86172344688,7616.929859719443,-421.00601202404596,53.18637274548746,-46.35470941883705
1286.064128256513,2008.6733466933692,12270.412825651296,7821.635270541097,-396.84569138276674,22.078156312622014,21.871743486974083
1287.5991983967936,2302.3326653306585,12373.587174348697,7674.31663326653,-355.4328657314643,101.75350701402613,7.416833667335368
1289.1342685370741,2113.130260521042,12347.16633266533,7658.685370741483,-338.98597194388776,137.70340681362723,20.2685370741483
1290.6693386773547,2415.639278557127,12361.515030060124,7461.811623246482,-340.05611222444963,87.91182364729343,3.9278557114218984
1292.2044088176353,2302.9418837675184,12405.72344689379,7501.234468937895,-361.5470941883759,111.81763527054136,-37.77354709418796
1293.7394789579157,2076.505010020046,12389.547094188383,7783.158316633257,-315.0260521042146,126.83166332665132,-6.378757515034522
1295.2745490981965,2070.901803607214,12350.428857715422,7483.919839679353,-317.60921843687856,159.25250501001165,28.09819639278612
1296.809619238477,1974.0841683366798,12368.769539078152,7371.03807615231,-343.0,47.80160320641744,35.04809619238449
1298.3446893787575,1672.5611222444904,12355.062124248501,7586.452905811619,-353.3486973947902,-163.66933867735156,117.5450901803597
1299.879759519038,1744.1282565130277,12364.761523046094,7661.138276553105,-290.13226452905747,-277.5951903807618,184.19038076152356
1301.4148296593187,2056.0,12334.725450901802,7872.088176352703,-266.4368737474945,-289.5110220440879,259.12625250501105
1302.9498997995993,2067.3987975951914,12395.79158316634,7775.607214428852,-208.7054108216389,-372.44088176353443,267.2505010020036
1304.4849699398796,2322.3166332665205,12389.939879759519,7662.26853707418,-201.9699398797593,-352.0521042084247,262.9098196392779
1306.0200400801605,2458.8777555110137,12308.88176352706,7377.122244488986,-264.95991983967906,-251.67935871743248,175.7995991983953
1307.5551102204408,2415.1022044088168,12376.424849699397,7600.753507014015,-272.43687374749425,-205.4689378757539,157.67334669338743
1309.0901803607214,2556.7855711422853,12195.1503006012,7645.571142284571,-251.5651302605213,-102.90981963927857,147.04008016032117
1310.625250501002,2564.0320641282597,12460.545090180365,7525.010020040081,-240.75551102204463,-97.6232464929858,70.11422845691277
1312.1603206412824,2580.120240480983,12343.847695390778,7568.0,-264.3126252505049,-37.84769539077752,19.701402805621
1313.6953907815632,2592.825651302621,12389.034068136276,7529.05811623246,-265.8617234468966,-11.408817635264313,-35.25851703406897
1315.2304609218436,2555.0300601202252,12360.312625250503,7546.204408817652,-259.98396793586653,45.97194388776643,-101.29258517033577
1316.7655310621244,2684.2484969939906,12430.677354709436,7475.1182364729575,-260.1923847695307,221.64328657316855,-184.9318637274646
1318.3006012024048,2361.9398797595222,12404.785571142285,7456.320641282569,-303.80360721442867,303.89579158316656,-186.60721442885733
1319.8356713426854,2027.9278557114221,12244.264529058117,7470.965931863728,-324.71342685370746,276.43687374749493,-125.63927855711404
1321.370741482966,1852.0,12352.625250501005,7469.6593186372775,-356.4829659318639,285.6873747494974,-54.541082164327236
1322.9058116232463,1609.242484969982,12273.939879759542,7577.9719438877655,-359.90581162324634,174.66533066133707,27.066132264519183
1324.4408817635272,1765.9799599198468,12283.398797595195,7722.541082164345,-342.7094188376741,70.11823647294568,120.1943887775592
1325.9759519038075,1800.09619238477,12300.19238476954,7675.366733466946,-294.03406813627635,41.67334669338925,161.51903807615054
1327.5110220440881,1820.9539078156167,12323.735470941885,7628.088176352705,-289.53306613226437,-182.92184368736775,261.37474949899615
1329.0460921843687,2217.146292585163,12331.2625250501,7622.893787575151,-279.0460921843687,-283.6172344689385,293.52505010020104
1330.5811623246493,2541.7795591182357,12357.84368737475,7646.492985971945,-275.3507014028055,-217.22444889779467,239.7535070140275
1332.11623246493,2475.5190380761687,12359.631262525047,7621.771543086168,-246.1162324649299,-181.16232464929908,175.60721442885506
1333.6513026052103,2825.498997995981,12337.683366733458,7390.292585170375,-269.79559118235966,-173.7174348697431,69.03406813628544
1335.186372745491,2519.398797595175,12262.56513026054,7526.4368737475015,-296.0180360721424,-99.59118236473296,-65.72745490982197
1336.7214428857715,2377.3707414829696,12367.142284569141,7586.428857715429,-303.92184368737253,-67.00601202405414,-110.1362725450872
1338.256513026052,2260.521042084165,12396.833667334664,7478.1563126252495,-308.2825651302603,-33.196392785574744,-117.59118236472887
1339.7915831663327,2183.847695390783,12390.67735470942,7473.835671342686,-341.2885771543083,29.208416833667343,-133.5410821643286
1341.3266533066133,2151.919839679359,12315.01402805611,7571.815631262521,-318.18637274549155,77.7855711422867,-119.2805611222434
1342.8617234468938,2204.80961923848,12352.384769539083,7438.765531062123,-348.51102204408926,147.6492985971954,-98.75551102204463
1344.3967935871742,2065.531062124279,12400.256513026063,7753.202404809603,-360.1282565130314,153.41282565130314,-88.71543086172824
1345.931863727455,1790.0841683366543,12355.72745490982,7850.364729458921,-291.27054108215816,80.17835671341709,-26.929859719433352
1347.4669338677354,1906.9579158316574,12282.925851703409,7657.338677354708,-243.5290581162335,67.20240480961866,33.61122244488706
1349.002004008016,2036.04008016032,12363.935871743488,7667.887775551104,-250.97795591182398,59.64929859719973,49.14629258516811
1350.5370741482966,2079.6312625250503,12366.372745490982,7569.034068136272,-224.9619238476953,-113.38877755511021,128.44488977955916
1352.0721442885772,2038.148296593179,12342.060120240483,7801.899799599193,-209.08216432865788,-116.44088176353148,191.7314629258526
1353.6072144288578,1913.4348697394853,12349.563126252497,7637.995991983964,-206.60521042083974,-272.9699398797652,230.39478957916026
1355.1422845691382,2179.398797595184,12319.951903807605,7546.292585170342,-211.54909819638806,-309.849699398796,235.86973947896058
1356.677354709419,2354.052104208444,12362.196392785565,7590.188376753518,-226.03406813626862,-272.2304609218336,227.16032064128467
1358.2124248496993,2349.138276553098,12362.509018036078,7563.294589178353,-232.8136272545098,-195.953907815634,203.7154308617255
1359.74749498998,2522.829659318636,12342.749498997993,7575.1503006012035,-227.72745490981947,-149.02004008016047,146.09018036072212
1361.2825651302605,2488.6092184368736,12361.915831663326,7582.877755511019,-248.71743486973946,-64.69739478957854,102.6753507014023
1362.817635270541,2610.8216432865447,12404.304609218418,7526.492985971927,-257.81162324649085,53.122244488958586,57.741482965936484
1364.3527054108217,2633.707414829638,12363.76753507014,7428.200400801616,-386.88376753506964,426.278557114234,-99.86372745491644
1365.887775551102,2418.2845691382827,12366.653306613225,7527.551102204408,-398.0921843687356,511.61322645290056,-167.8677354709398
1367.422845691383,2250.7895791583032,12422.012024048088,7614.74148296595,-362.074148296595,521.9539078156363,-183.38877755510748
1368.9579158316633,2200.0,12388.168336673347,7588.208416833671,-358.46292585170386,550.5791583166329,-206.527054108215
1370.4929859719439,2231.1022044088168,12414.25250501002,7426.308617234469,-361.7755511022042,550.5651302605206,-173.91583166332657
1372.0280561122245,2144.3366733466937,12360.673346693387,7476.1523046092225,-374.0,608.5711422845707,-171.08416833667343
1373.5631262525048,2151.4949899799612,12384.0,7541.162324649322,-385.8256513026017,711.4288577154166,-166.67935871743703
1375.0981963927857,1996.929859719432,12341.747494989993,7609.67535070142,-378.80360721442867,704.581162324645,-158.527054108215
1376.633266533066,1805.346693386793,12376.809619238491,7660.545090180378,-370.66733466933965,612.7054108216512,-103.83767535070774
1378.1683366733466,1703.4068136272517,12365.899799599203,7749.819639278564,-314.91983967936176,363.1563126252572,23.733466933865202
1379.7034068136272,1897.5631262524985,12299.118236472947,7705.018036072142,-268.669338677355,272.8897795591183,87.94989979959792
1381.2384769539078,2279.2945891783575,12396.36873747495,7273.322645290581,-300.30861723446924,315.300601202405,104.13827655310615
1382.7735470941884,2416.7535070140293,12341.058116232463,7440.7454909819735,-348.32064128256525,394.5070140280586,64.83166332665178
1384.3086172344688,2117.923847695378,12333.338677354743,7696.593186372749,-342.05010020040527,383.0380761523111,7.851703406812703
1385.8436873747496,2223.246492985978,12359.486973947918,7740.745490981972,-320.3126252505008,314.3466933867685,25.498997995993705
1387.37875751503,2237.579158316643,12386.180360721439,7621.755511022038,-312.8637274549101,349.7735470941907,-36.09018036071939
1388.9138276553106,2083.9278557114276,12390.412825651303,7791.93587174348,-311.91382765531057,361.32865731462766,-32.723446893788605
1390.4488977955912,2067.7354709418796,12374.613226452906,7616.016032064132,-315.0400801603205,382.4088176352707,22.835671342685146
1391.9839679358718,2184.256513026052,12383.743486973948,7445.026052104207,-318.0320641282565,448.84569138276674,42.791583166332885
1393.5190380761524,1840.513026052111,12355.543086172343,7792.304609218438,-246.10020040080053,-316.3086172344738,111.53306613226596
1395.0541082164327,2237.5230460921593,12420.104208416844,7637.715430861761,-213.05410821643272,-285.85971943889126,146.61923847696016
1396.5891783567135,2469.987975951917,12344.929859719437,7472.841683366751,-230.4969939879793,-151.2224448897705,70.23847695390077
1398.124248496994,2395.1022044088277,12392.496993987976,7614.484969939878,-214.24248496993914,-120.87575150300609,15.52705410821909
1399.6593186372745,2318.1963927855686,12301.05811623247,7442.116232464941,-243.4388777555098,-87.69338677354904,-26.54909819639215
1401.194388777555,2220.3527054108235,12459.671342685371,7337.771543086172,-282.74949899799594,24.22645290581204,-47.971943887775524
1402.7294589178357,1881.643286573144,12415.342685370742,7582.645290581168,-320.6372745490994,-123.8056112224483,-30.116232464929
1404.2645290581163,1819.5110220440947,12408.593186372744,7603.895791583162,-318.496993987977,-212.40681362725627,33.43887775551184
1405.7995991983967,2081.507014028026,12381.603206412827,7477.635270541094,-331.0,-134.64929859721042,70.98597194388321
1407.3346693386775,2077.32264529058,12340.01603206413,7630.581162324641,-330.330661322645,15.539078156332835,87.97995991983771
1408.8697394789579,2117.2264529058084,12344.521042084169,7772.384769539065,-312.4749498998008,102.34468937875863,69.30260521042146
1410.4048096192384,2050.5651302605247,12429.242484969938,7729.330661322647,-275.7354709418853,23.949899799600644,87.5711422845693
1411.939879759519,1930.645290581162,12397.531062124248,7835.102204408819,-258.0380761523047,-48.354709418837956,84.0
1413.4749498997996,2141.0020040080144,12377.8997995992,7857.29859719439,-202.3266533066119,-96.94789579158487,109.97595190380684
1415.0100200400802,2188.3607214428885,12279.919839679358,7886.837675350693,-161.54909819638942,-135.6893787575127,86.87975951903718
1416.5450901803606,2376.625250500969,12280.72144288577,7761.098196392788,-115.9098196392788,-69.5691382765608,58.64729458918191
1418.0801603206414,2496.625250500989,12276.825651302628,7559.51102204408,-124.40080160320713,98.57715430863254,20.15230460921157
1419.6152304609218,2333.2505010020104,12448.609218436872,7508.0,-122.23246492986027,201.30661322645255,-33.2284569138269
1421.1503006012024,2207.006012024048,12445.987975951904,7286.356713426856,-167.11022044088122,176.57114228457067,-55.90781563126211
1422.685370741483,1897.7635270540995,12472.312625250503,7344.937875751508,-258.36873747495156,103.22444889779581,-58.809619238476444
1424.2204408817634,1783.7434869739227,12349.226452905801,7501.20240480965,-299.40881763526704,103.6292585170304,8.328657314617885
1425.7555110220442,1772.0961923847553,12371.823647294586,7406.308617234474,-339.1763527054136,123.77755511022087,99.79759519038544
1427.2905811623245,1860.4408817635049,12361.779559118248,7525.747494990004,-373.33266533065716,72.55511022043811,140.81162324649085
1428.8256513026054,2113.6833667334868,12373.867735470958,7364.0,-402.65130260521073,106.68737474950194,164.08216432865902
1430.3607214428857,2254.901803607205,12350.557114228457,7562.957915831659,-433.1643286573144,117.92184368737253,150.63527054108454
1431.8957915831663,2369.418837675351,12215.422845691384,7829.074148296592,-428.93787575150304,229.35070140280527,110.10420841683367
1433.430861723447,2262.9979959919783,12351.575150300603,7719.318637274548,-395.5691382765531,280.3727454909831,88.70741482965923
1434.9659318637273,2194.6372745490917,12438.22845691382,7811.775551102184,-365.05611222445395,280.7494989979996,61.885771543090414
1436.5010020040081,2205.939879759513,12317.923847695383,7646.148296593201,-351.00200400801623,270.0140280561136,38.47494989979714
1438.0360721442885,2104.9699398797675,12356.0,7910.701402805615,-248.953907815634,173.74749498998062,13.108216432865447
1439.571142284569,2055.9839679358683,12305.739478957921,7853.154308617237,-219.28657314629277,145.86773547094413,14.857715430861845
1441.1062124248497,2002.3727454909804,12385.699398797595,7689.523046092183,-192.68136272545098,125.15831663326799,31.300601202405232
1442.6412825651303,2027.7835671342682,12358.957915831663,7653.915831663326,-193.8476953907816,42.01202404809578,22.771543086172414
1444.1763527054109,1963.5270541082173,12355.070140280557,7483.0541082164345,-219.82565130260446,25.40881763527159,15.99799599198468
1445.7114228456912,2062.525050100183,12332.913827655299,7518.845691382765,-200.7314629258526,85.83967935870896,12.925851703410444
1447.246492985972,1900.7615230460997,12333.266533066124,7577.434869739465,-192.65531062124546,76.63326653306194,42.98597194388822
1448.7815631262524,2036.4088176352616,12335.398797595184,7490.252505010019,-243.48096192384446,60.50501002003875,60.0681362725436
1450.316633266533,1876.4008016032076,12292.801603206415,7610.39679358717,-244.8997995991981,34.95190380761801,70.91583166332543
1451.8517034068136,1832.7454909819644,12403.086172344687,7590.829659318639,-269.4408817635267,-57.6573146292576,139.10220440881676
1453.3867735470942,2095.9278557114194,12351.735470941883,7528.601202404812,-299.29258517034054,-171.2545090180363,175.09418837675366
1454.9218436873748,1884.753507014022,12352.937875751502,7674.685370741487,-285.78156312625197,-205.6553106212441,188.29659318637323
1456.4569138276552,2084.448897795586,12324.104208416828,7623.238476953931,-282.85370741482757,-207.77555110220692,213.34468937875863
1457.991983967936,2298.428857715455,12431.326653306623,7373.282565130241,-314.80761523046385,-156.33667334668826,177.2565130260482
1459.5270541082164,2139.294589178364,12368.865731462924,7562.813627254502,-333.9058116232454,-156.7154308617255,161.01402805611087
1461.062124248497,2176.945891783562,12324.224448897792,7575.230460921842,-310.24248496993914,-115.20440881763693,155.25450901803652
1462.5971943887776,2247.5030060120243,12361.723446893788,7635.943887775551,-327.20841683366734,-64.04208416833671,121.30661322645301
1464.1322645290581,2392.0,12270.877755511025,7675.807615230467,-313.4128256513022,15.919839679361075,72.23847695390668
1465.6673346693387,2282.557114228446,12361.378757515035,7842.67735470942,-294.32464929859634,81.0,34.32665330661257
1467.202404809619,2198.7094188377014,12339.046092184377,7715.855711422853,-250.28456913828268,108.50100200400266,9.214428857714665
1468.7374749499,2071.398797595197,12270.300601202402,7591.302605210407,-178.813627254503,144.2124248496998,1.4629258517011294
1470.2725450901803,2046.5651302605274,12317.827655310624,7636.040080160334,-190.91182364729548,153.55310621242734,-10.088176352704522
1471.807615230461,1987.3827655310615,12383.374749498995,7398.468937875754,-192.92184368737435,130.26853707414807,7.266533066131387
1473.3426853707415,1963.7995991983953,12202.901803607212,7477.282565130259,-218.14629258517016,76.05010020040118,9.370741482965968
1474.877755511022,1796.312625250498,12442.789579158336,7200.937875751494,-237.47695390781723,90.71142284569078,44.47695390781723
1476.4128256513027,1634.9739478957854,12457.835671342682,7555.262525050115,-248.12825651302683,-96.85971943888899,87.32865731463608
1477.947895791583,1701.747494989966,12450.957915831661,7751.414829659308,-259.6873747494983,-330.81963927853894,175.96793587173897
1479.4829659318639,2154.2765531062614,12381.635270541068,7700.160320641298,-245.34669338677486,-238.72545090178028,205.85771543085866
1481.0180360721442,2506.156312625266,12308.72144288577,7656.9699398797675,-234.0,-29.492985971950475,156.953907815634
1482.5531062124248,2132.6893787575164,12301.539078156315,7487.575150300601,-246.72144288577124,113.63727454909804,119.91182364729411
1484.0881763527054,2086.9258517034123,12175.751503006017,7306.941883767535,-252.52505010020195,97.99799599198468,117.58917835671309
1485.6232464929858,2289.098196392795,12497.17034068133,7303.47895791583,-324.9859719438864,161.40881763526158,85.54909819639761
1487.1583166332666,2064.8336673346676,12458.364729458928,7731.695390781588,-359.6332665330665,167.80961923847008,62.316633266533245
1488.693386773547,2258.789579158285,12556.0,7825.322645290602,-351.90581162324816,115.48096192384583,59.83967935871806
1490.2284569138278,2552.5691382765563,12508.344689378755,7781.362725450914,-336.4268537074172,206.45290581162908,-6.254509018039698
1491.7635270541082,2461.1062124248547,12321.915831663335,7891.919839679356,-312.1142284569155,308.29859719438537,-78.21042084168084
1493.2985971943888,2185.7795591182366,12245.835671342686,7727.446893787575,-278.1462925851704,386.59719438877755,-97.25651302605206
1494.8336673346694,1959.278557114223,12091.318637274548,7410.589178356706,-249.99799599198377,332.9779559118215,-122.33466933867749
1496.3687374749497,1736.0801603207074,12168.921843687334,7490.79759519035,-250.46292585170886,106.83567134274199,-62.96392785572971
1497.9038076152306,1519.382765531067,12356.921843687378,7720.456913827667,-222.67334669338607,-200.05410821644227,48.76753507014473
1499.438877755511,1731.887775551093,12403.422845691388,7655.6873747494865,-240.8336673346721,-314.43887775551093,103.68336673346721
1500.9739478957915,2076.2885771542915,12442.12424849699,7626.813627254515,-224.97394789579153,-241.9539078156356,145.82765531061864
1502.5090180360721,2113.8196392785576,12447.494989979961,7593.875751503001,-234.2384769539085,-123.6032064128267,165.70741482965877
1504.0440881763527,2106.468937875752,12287.118236472947,7443.823647294589,-240.0,35.05410821643454,186.11823647294568
1505.5791583166333,2157.6833667334668,12328.232464929864,7409.883767535068,-248.68737474949967,238.38677354709807,182.0581162324661
1507.1142284569137,2255.430861723453,12262.965931863713,7482.749498998013,-286.8837675350651,371.88176352704386,144.74348697394953
1508.6492985971945,1999.2384769538694,12368.777555110224,7499.470941883788,-330.63527054108454,394.0420841683299,144.09018036072302
1510.1843687374749,1765.7875751503016,12341.587174348693,7853.274549098191,-306.0501002004021,272.7815631262565,183.42484969939687
1511.7194388777555,1925.7875751502897,12300.545090180367,7739.334669338688,-108.82364729460096,-195.3466933867462,118.10621242485513
1513.254509018036,1718.476953907817,12268.072144288577,7732.288577154308,-43.49098196392788,-498.0681362725436,103.59719438877664
1514.7895791583167,1676.2164328657327,12242.1002004008,7694.725450901801,-10.416833667333776,-660.693386773549,212.3226452905826
1516.3246492985973,1809.0340681362832,12358.236472945886,7567.174348697383,-14.829659318640552,-744.1683366733478,231.5450901803615
1517.8597194388776,2200.7935871743066,12380.849699398783,7355.2224448897905,-59.15831663326571,-721.7515030060176,215.20841683367144
1519.3947895791584,2352.7454909819844,12423.36673346693,7538.949899799605,-72.60721442886233,-610.3887775550961,202.1282565130182
1520.9298597194388,2567.3026052104124,12519.302605210412,7348.553106212441,-91.28056112224476,-442.5050100200474,147.26252505010143
1522.4649298597194,2681.2264529058148,12463.61523046092,7312.104208416836,-152.0621242484956,-200.62925851703858,44.683366733468574
1524.0,2484.0,12500.0,7404.0,-214.0,-167.0,-11.0
