time,accX,accY,accZ,gyrX,gyrY,gyrZ
7,16948,-720,-20,-222,-13,102
10,16796,-608,52,-240,6,105
13,16896,-620,104,-266,12,101
15,16940,-624,80,-237,-35,122
18,16852,-668,208,-248,-14,89
21,16848,-696,168,-248,-15,98
24,16912,-652,76,-231,-26,103
27,16852,-724,164,-257,2,127
29,16760,-620,92,-228,8,114
32,16836,-704,32,-259,-18,109
35,16916,-720,56,-219,1,95
38,16888,-620,124,-264,-18,132
41,16904,-636,44,-235,-19,111
44,16860,-728,184,-223,13,88
47,16984,-620,152,-250,-20,139
50,16836,-736,108,-231,-18,99
53,16872,-732,296,-220,27,104
56,16880,-676,228,-245,21,90
59,16804,-652,116,-236,-33,108
61,16944,-704,216,-250,-13,123
64,16768,-628,140,-236,-7,88
67,16944,-616,152,-257,-14,111
70,16940,-676,84,-215,-21,101
73,16876,-620,76,-236,23,108
76,16944,-680,192,-222,23,111
78,16940,-596,240,-235,-43,100
81,16904,-776,88,-234,-11,103
84,16828,-600,136,-242,-5,94
88,16852,-632,84,-250,-18,137
91,16804,-588,88,-206,1,97
93,16964,-564,212,-247,-5,101
96,16908,-684,92,-253,-12,91
99,16824,-700,128,-231,-8,94
102,16868,-644,176,-241,-26,125
105,16928,-624,224,-222,-4,96
107,16880,-664,252,-231,8,112
110,16832,-704,320,-244,-6,118
113,16920,-700,248,-234,-41,120
116,16920,-656,256,-224,22,92
119,16916,-696,308,-244,-4,110
122,16844,-588,84,-256,-27,133
125,16892,-744,152,-222,-13,97
129,16856,-704,28,-237,13,114
131,16840,-772,128,-231,-23,111
134,16944,-600,108,-234,-12,124
137,16792,-768,284,-220,-19,101
140,16892,-604,252,-222,-13,91
143,16768,-588,148,-242,-9,121
146,16828,-684,120,-231,-9,98
149,16772,-772,120,-244,-6,115
152,16740,-660,136,-239,-9,106
154,16996,-704,116,-222,-10,113
157,16876,-672,52,-228,-31,117
160,16920,-676,144,-234,5,123
163,16860,-748,72,-230,5,103
166,16832,-700,104,-225,16,112
169,16968,-704,68,-257,0,130
173,16920,-664,144,-243,-13,113
176,16872,-688,148,-255,-12,85
178,16948,-696,52,-234,5,134
181,16920,-612,48,-253,-20,119
184,16896,-756,72,-238,6,87
187,16948,-764,88,-244,-8,129
190,16940,-648,84,-249,-2,104
192,16924,-644,72,-239,-44,127
195,16828,-764,148,-243,26,103
198,16852,-716,152,-241,-1,116
201,16860,-640,228,-244,2,113
204,16900,-716,216,-257,-7,85
207,16972,-656,176,-231,19,88
210,16872,-716,80,-229,5,105
212,16872,-652,252,-241,22,114
216,16864,-660,212,-215,-16,126
219,16824,-716,208,-251,-6,138
222,16848,-576,160,-244,-7,97
225,16892,-600,132,-249,-11,96
228,16888,-728,148,-264,-1,98
231,16904,-768,88,-241,-10,110
234,16760,-656,152,-239,-19,85
236,16888,-696,224,-229,11,111
239,16816,-636,112,-258,-26,123
242,16908,-620,136,-232,4,130
245,16896,-736,248,-238,-15,100
248,16860,-724,116,-226,3,120
251,16932,-728,212,-240,16,120
254,16888,-684,232,-267,26,97
258,16884,-612,164,-232,-16,88
261,16920,-632,220,-248,5,132
263,16976,-668,180,-240,9,103
266,16884,-756,308,-228,-3,110
269,16896,-660,260,-239,-13,85
272,16816,-664,168,-220,-18,105
275,16784,-584,348,-252,-21,100
278,16896,-596,160,-247,-8,132
281,16920,-620,128,-244,-6,105
284,16928,-592,156,-241,2,93
286,16820,-592,220,-229,-6,108
289,16976,-612,276,-247,-29,106
292,16884,-596,204,-234,4,85
295,16908,-652,240,-228,8,124
299,16912,-648,180,-247,3,117
302,16916,-640,156,-216,-9,81
304,16912,-688,152,-253,-6,122
307,17012,-664,196,-227,11,125
310,16912,-652,64,-244,9,112
313,16908,-604,96,-229,7,113
316,16812,-700,100,-247,-11,91
319,16904,-716,144,-238,-18,117
322,16924,-748,328,-228,10,102
325,16984,-696,108,-259,-16,73
327,16944,-640,208,-248,-17,95
330,16816,-704,24,-209,-4,116
333,16920,-572,100,-240,-34,107
336,16796,-632,144,-249,-10,120
339,16856,-788,240,-220,3,100
343,16912,-668,220,-227,-14,93
346,16900,-728,72,-242,-38,113
349,16876,-684,240,-238,2,107
351,16904,-676,148,-222,11,100
354,16824,-720,144,-233,-25,90
357,16876,-608,96,-239,-6,139
360,16876,-720,88,-237,-4,112
363,16748,-580,44,-235,-40,107
366,16904,-656,280,-222,-13,112
369,16876,-652,136,-284,18,105
372,16912,-680,192,-205,16,125
374,16892,-688,252,-242,6,82
377,16892,-684,96,-255,-9,114
380,16876,-688,128,-236,-13,120
384,16932,-660,164,-258,1,92
387,16848,-660,228,-211,3,120
390,16876,-772,160,-261,-5,100
393,16812,-592,152,-229,0,107
395,16892,-708,36,-237,-23,85
398,16904,-620,36,-220,24,117
401,16852,-588,108,-249,-19,102
404,16820,-644,116,-230,8,128
407,16960,-656,96,-233,-10,96
410,16804,-668,288,-234,13,111
413,16956,-564,-92,-247,-6,94
415,16816,-680,200,-210,81,102
418,16896,-660,152,-246,-39,108
421,16808,-696,236,-231,-102,129
424,16996,-676,-32,-236,-3,109
428,16960,-564,140,-243,76,126
431,16780,-592,272,-228,10,117
434,16856,-632,32,-209,-60,101
437,16960,-656,152,-228,-33,107
440,16876,-752,156,-243,53,115
442,16816,-552,232,-246,-18,117
445,16812,-600,188,-238,-76,108
448,16912,-712,92,-229,-12,129
451,16896,-680,112,-223,11,99
454,16904,-636,212,-194,15,119
457,16744,-760,108,-235,25,114
460,16920,-692,268,-233,12,116
463,16848,-632,288,-264,-17,106
466,16852,-692,144,-257,-58,112
470,16920,-708,120,-251,-35,119
473,16928,-668,72,-232,10,97
475,16836,-756,136,-252,-30,106
478,16800,-500,164,-224,-10,100
481,16960,-632,356,-238,6,99
484,16800,-792,224,-226,1,108
487,16860,-680,112,-233,-4,115
490,16796,-632,132,-223,-13,100
493,16916,-692,188,-231,-19,103
496,16808,-736,40,-231,14,132
498,16764,-672,88,-255,-28,112
501,16912,-628,184,-197,-47,113
504,16840,-664,260,-235,-12,119
507,16928,-732,192,-234,-14,133
510,16920,-652,188,-244,-4,104
514,16824,-648,136,-206,-25,112
517,16992,-660,112,-235,1,120
520,16920,-612,32,-225,5,90
522,16944,-604,116,-219,-24,117
525,16900,-592,216,-230,6,90
528,16860,-732,200,-236,29,121
531,16944,-720,32,-250,-2,66
534,16952,-572,12,-226,-21,111
537,16892,-608,28,-209,-54,103
540,16748,-608,24,-232,-1,123
542,17012,-672,80,-259,12,103
545,16904,-520,88,-232,17,109
548,16944,-700,152,-241,-46,115
551,16896,-580,64,-208,-111,101
555,16924,-636,48,-234,10,81
558,16952,-628,32,-238,24,119
561,16916,-620,172,-255,3,121
563,16844,-704,172,-244,-52,76
566,16892,-620,132,-234,-20,137
569,16988,-600,-52,-234,20,121
572,16832,-648,192,-255,16,114
575,16940,-608,76,-216,-28,119
578,16788,-584,124,-265,-16,120
581,16940,-564,44,-202,4,115
584,16920,-584,188,-256,21,96
586,16852,-616,168,-224,32,111
589,16780,-588,88,-239,-22,101
592,16892,-700,108,-236,-16,120
595,16884,-592,48,-212,-4,111
599,16852,-552,100,-232,11,139
602,16872,-536,144,-209,-8,113
605,16884,-672,192,-214,-9,115
608,16884,-668,252,-213,-38,124
611,16892,-624,16,-230,-38,94
613,16880,-468,204,-207,16,104
616,16876,-696,152,-235,24,104
619,16800,-700,200,-237,-9,124
622,16820,-676,156,-237,-12,126
625,16908,-640,24,-233,-4,97
628,16860,-736,216,-195,30,115
631,16820,-728,156,-245,7,109
633,16996,-700,144,-260,-8,122
636,16936,-732,164,-240,-6,98
640,16900,-704,216,-235,-21,115
643,16824,-664,100,-214,-17,103
646,16912,-728,128,-241,-30,129
649,16880,-724,208,-255,-25,108
652,16896,-804,132,-195,31,115
655,16896,-752,136,-246,-33,124
658,16852,-680,188,-236,-14,116
661,16832,-704,52,-234,-2,90
663,16876,-696,224,-243,30,113
666,16876,-692,160,-218,10,126
669,16856,-668,240,-211,-21,113
672,16912,-728,96,-250,14,95
675,16816,-720,276,-240,24,108
678,16924,-764,260,-230,-42,109
681,16804,-628,72,-222,-28,110
685,16896,-692,8,-246,24,98
687,16832,-688,272,-257,20,95
690,16864,-636,164,-221,-36,113
693,16876,-784,116,-234,-22,131
696,16892,-700,196,-206,2,128
699,16948,-676,192,-237,-2,112
702,16964,-560,52,-247,-37,112
705,16916,-560,216,-229,4,86
707,16988,-728,188,-246,17,92
710,17060,-708,76,-229,12,132
713,16948,-644,132,-250,-14,123
716,16932,-632,160,-235,11,116
719,16972,-636,56,-273,-13,105
722,16936,-652,128,-238,-8,92
726,16920,-508,76,-239,-12,112
729,16832,-616,40,-200,-18,130
731,16880,-604,72,-251,13,116
734,16836,-576,80,-244,-12,133
737,16892,-544,164,-230,-23,109
740,16820,-500,180,-199,-2,122
743,16976,-676,108,-250,0,123
746,16860,-596,184,-225,10,112
749,16852,-580,92,-253,13,127
752,16876,-688,120,-240,2,115
754,16888,-696,112,-224,-23,107
757,16956,-692,56,-224,4,110
760,16900,-696,144,-221,-14,121
763,16868,-620,156,-239,21,135
766,16884,-648,108,-238,-10,100
770,16904,-672,136,-251,11,110
773,16812,-792,108,-245,3,104
776,16884,-676,108,-262,-3,127
779,16872,-652,128,-247,-11,125
781,16900,-616,280,-253,8,118
784,16884,-740,56,-225,-3,102
787,16892,-536,108,-228,16,126
790,16912,-604,112,-248,-7,106
793,16880,-724,80,-219,18,107
796,16808,-836,32,-219,-3,130
799,16872,-668,76,-228,44,104
801,16864,-660,176,-235,3,100
804,16880,-744,48,-220,-5,100
807,16880,-820,80,-237,24,121
811,16936,-724,96,-245,14,114
814,16900,-716,160,-225,3,88
817,16932,-808,164,-246,-10,112
820,16960,-708,188,-246,24,97
822,16912,-796,236,-221,27,103
825,16924,-748,100,-244,-11,122
828,16932,-796,116,-232,13,102
831,16972,-744,224,-241,10,104
834,16864,-776,192,-252,-6,104
837,16928,-652,208,-254,-22,99
840,16844,-664,264,-228,-32,134
843,16904,-652,208,-233,-2,90
846,16672,-672,184,-223,-15,112
848,16572,-556,-8,-211,-11,100
851,16948,-672,192,-252,14,142
855,17088,-648,228,-223,43,103
858,17120,-552,280,-230,-44,100
861,16680,-644,144,-218,-66,91
864,16828,-728,140,-224,-22,112
867,16988,-588,104,-233,14,94
870,17004,-564,216,-227,40,100
873,16700,-640,284,-233,-52,98
875,16836,-688,160,-227,-70,133
878,17000,-556,84,-255,-36,92
881,17116,-620,36,-247,99,114
884,16956,-552,300,-244,22,118
887,16872,-708,340,-236,-38,106
890,16800,-596,164,-231,-99,99
893,17048,-608,64,-221,-8,109
897,16944,-664,104,-275,57,107
899,16812,-632,12,-247,-13,113
902,16788,-680,156,-247,-91,97
905,16976,-572,184,-238,-8,114
908,16828,-668,28,-233,13,116
911,16824,-660,124,-243,25,116
914,16812,-708,236,-219,-7,108
917,16836,-608,96,-237,-27,118
920,16652,-528,96,-231,-6,92
922,16920,-724,76,-236,9,120
925,17008,-692,144,-244,21,122
928,16920,-804,84,-242,13,92
931,16836,-648,144,-218,-5,108
934,16992,-720,76,-260,-6,107
937,16908,-832,80,-238,23,128
940,17012,-700,116,-232,17,119
943,16956,-660,208,-234,-46,106
946,16920,-816,84,-237,-63,96
949,16912,-784,108,-219,10,94
952,17064,-728,260,-237,39,119
955,16684,-640,92,-236,-31,101
958,16928,-668,60,-237,-40,93
961,17028,-732,108,-225,3,118
963,16824,-672,140,-240,36,118
966,16824,-696,120,-230,-9,99
969,16864,-728,248,-256,-32,104
972,16832,-780,0,-242,-27,116
975,16884,-688,128,-246,23,82
978,16940,-720,124,-224,10,102
982,16864,-632,244,-230,-25,114
985,16836,-704,204,-206,-18,105
987,16888,-608,136,-243,-3,102
990,16872,-644,132,-212,30,92
993,16904,-640,124,-242,-20,105
996,16848,-568,124,-211,27,98
999,16880,-740,144,-235,-5,107
1002,16884,-552,264,-223,44,100
1005,16964,-476,228,-217,-14,101
1008,16948,-716,248,-228,10,99
1011,16868,-544,192,-226,-15,115
1014,16892,-628,252,-228,-19,127
1017,16888,-652,108,-243,-14,104
1019,16812,-728,60,-225,-20,123
1022,16892,-660,80,-254,-35,98
1026,16900,-632,124,-246,-40,143
1029,16896,-644,204,-226,6,110
1032,16864,-696,92,-241,-9,122
1035,16920,-564,84,-230,-4,125
1038,16812,-668,128,-229,-22,94
1041,16872,-640,216,-261,-2,122
1044,16876,-668,200,-224,-3,94
1047,17008,-740,28,-215,-7,85
1049,16824,-640,188,-240,-15,106
1052,16896,-748,200,-235,3,89
1055,16888,-676,80,-240,-34,109
1058,16844,-652,88,-242,-22,122
1061,16932,-652,-44,-256,26,92
1064,16852,-716,200,-233,5,120
1068,16920,-836,148,-242,-22,110
1071,16876,-636,128,-236,-4,100
1074,17068,-748,156,-237,-12,121
1077,16908,-712,264,-233,20,125
1079,16900,-736,104,-261,-37,84
1082,16904,-728,60,-218,-10,125
1085,16824,-788,92,-230,9,117
1088,16928,-740,116,-257,-26,118
1091,16892,-564,120,-243,-16,123
1094,16820,-756,-16,-246,-8,91
1097,16904,-616,92,-222,-17,92
1100,16888,-600,116,-230,-21,103
1103,16752,-628,36,-234,-7,100
1106,16828,-520,44,-225,5,124
1108,16900,-652,68,-244,-25,56
1112,16804,-664,20,-227,25,112
1115,16892,-676,92,-225,-2,109
1118,16888,-704,164,-250,7,110
1121,16972,-724,144,-228,10,115
1124,16868,-612,156,-228,-7,123
1127,16900,-592,84,-208,-27,123
1130,16984,-636,104,-220,3,97
1133,16968,-660,132,-229,-15,116
1136,16948,-592,144,-255,0,100
1138,16956,-544,304,-232,-22,107
1141,16968,-604,124,-243,-6,104
1144,16828,-612,40,-240,-17,78
1147,16872,-536,88,-239,-12,122
1150,16968,-668,116,-228,13,106
1154,16836,-512,160,-240,-10,110
1157,16912,-616,180,-252,-10,109
1160,16884,-544,-20,-253,-32,134
1163,16944,-624,56,-230,3,100
1166,16956,-720,128,-224,12,111
1169,16872,-704,276,-246,-10,139
1172,16896,-664,120,-240,1,93
1174,16956,-664,112,-230,1,106
1177,16880,-612,56,-232,-1,130
1180,16816,-600,64,-236,-9,110
1183,16896,-764,96,-241,-12,103
1186,16952,-616,128,-228,10,96
1189,16960,-680,188,-237,-11,124
1192,16936,-636,176,-233,-8,101
1196,16972,-720,104,-241,10,107
1199,16952,-784,148,-246,1,123
1202,16912,-592,60,-245,-10,120
1205,16900,-704,140,-266,-9,107
1207,16944,-756,180,-249,2,113
1210,16796,-660,88,-238,-4,112
1213,16792,-640,140,-228,-5,131
1216,16852,-680,96,-235,-18,111
1219,16852,-728,168,-227,14,95
1222,16896,-760,72,-236,-15,95
1225,16908,-788,136,-220,-15,91
1228,16876,-704,116,-246,-30,100
1231,16840,-776,48,-221,6,88
1233,16928,-672,176,-246,20,92
1236,16920,-784,72,-262,-16,141
1240,16908,-692,140,-234,-2,99
1243,16808,-612,224,-249,-5,104
1246,16848,-644,200,-237,-26,85
1249,16792,-692,144,-238,-8,122
1252,16944,-728,132,-244,-8,87
1255,16836,-768,240,-217,6,114
1258,16812,-592,344,-228,-36,112
1261,16844,-620,160,-223,-9,98
1263,16932,-572,196,-230,3,102
1266,16940,-736,220,-208,-24,101
1269,16904,-640,160,-222,-28,79
1272,16888,-568,92,-230,-27,132
1275,16880,-580,124,-239,-26,105
1278,16816,-660,100,-218,33,116
1282,16968,-660,256,-261,-13,113
1285,16828,-612,124,-225,-1,97
1288,16876,-660,152,-239,-3,91
1291,16896,-700,208,-207,-17,125
1294,16944,-640,180,-235,-1,95
1297,16856,-656,128,-242,-26,115
1299,16868,-536,152,-230,17,86
1302,16948,-728,248,-256,-15,122
1305,16872,-556,192,-240,0,91
1308,16900,-620,196,-228,11,102
1311,16892,-672,252,-239,-30,103
1314,16888,-528,180,-230,-23,108
1317,16808,-752,152,-264,7,114
1320,16964,-644,284,-221,-8,130
1324,16908,-612,200,-260,-19,115
1327,16940,-624,112,-231,-8,112
1330,16860,-668,76,-250,-15,112
1333,16872,-620,160,-260,-5,86
1335,16848,-640,216,-241,-4,120
1338,16880,-672,160,-232,-4,124
1341,16932,-760,96,-241,5,103
1344,16904,-640,176,-245,-22,119
1347,16940,-632,164,-242,-12,107
1350,17000,-728,144,-262,8,114
1353,16912,-684,172,-230,9,127
1356,16900,-688,104,-250,-7,91
1359,16908,-756,180,-207,26,114
1362,16968,-692,200,-234,6,123
1366,16896,-672,168,-232,-3,108
1368,16844,-676,244,-226,7,95
1371,16912,-684,128,-246,1,117
1374,16896,-772,-16,-228,0,112
1377,16824,-640,96,-254,37,89
1380,16804,-732,156,-246,-31,114
1383,16888,-672,24,-251,-16,113
1386,16840,-716,112,-249,16,109
1389,16956,-652,200,-251,-8,97
1392,16884,-620,84,-262,22,125
1395,16888,-740,80,-227,-18,123
1397,16900,-612,128,-244,3,89
1400,16956,-660,-16,-260,-12,125
1403,16948,-644,88,-217,-2,97
1406,16916,-712,116,-261,16,134
1410,16900,-696,196,-191,-16,96
1413,16876,-528,124,-239,-22,101
1416,16904,-508,140,-228,9,102
1419,16908,-788,76,-234,-22,86
1422,17004,-708,380,-223,-20,117
1425,16948,-740,76,-227,-25,112
1427,16948,-696,36,-220,-19,122
1430,16840,-652,148,-244,15,131
1433,17112,-576,160,-229,6,105
1436,16860,-620,188,-242,-36,113
1439,16928,-720,80,-227,4,127
1442,16960,-724,168,-247,-4,91
1445,16904,-676,244,-204,-27,104
1448,17004,-736,96,-222,-11,115
1452,16816,-588,84,-246,1,101
1455,16840,-776,132,-203,10,105
1458,16784,-664,200,-245,-42,99
1461,16908,-604,200,-242,-17,109
1463,16844,-676,48,-247,-11,126
1466,16928,-684,92,-241,0,80
1469,16784,-556,244,-255,-30,114
1472,16804,-684,156,-243,0,129
1475,16812,-772,148,-253,-17,113
1478,16868,-688,216,-233,-25,85
1481,16816,-664,48,-239,-15,98
1484,16840,-724,224,-248,-4,109
1487,16936,-704,96,-230,14,98
1490,16992,-648,208,-239,-40,112
1494,16892,-584,40,-252,-16,114
1496,16868,-772,188,-232,10,105
1499,16872,-644,112,-256,-26,103
1502,16832,-632,108,-246,-18,109
1505,16908,-732,72,-246,-2,108
1508,16896,-672,84,-226,-5,111
1511,16860,-700,104,-258,-14,114
1514,16864,-696,264,-235,-30,108
1517,16812,-796,112,-234,0,106
1520,16860,-788,68,-241,4,112
1523,16848,-660,192,-226,9,84
1526,16904,-712,84,-221,-39,119
1528,16796,-816,88,-235,15,118
1531,16904,-684,176,-251,-6,103
1534,16784,-552,156,-210,0,102
1538,16884,-640,-4,-234,-26,106
1541,16884,-708,88,-220,-16,118
1544,16828,-616,132,-244,-13,91
1547,16864,-612,168,-259,-18,114
1550,16796,-660,64,-242,-38,96
1553,16852,-676,124,-261,39,123
1556,16880,-652,-20,-207,-12,110
1559,16968,-700,160,-242,-10,120
1562,16836,-700,120,-246,-6,91
1564,16896,-812,184,-225,-26,112
1567,16848,-664,64,-231,23,94
1570,16964,-628,148,-221,-9,98
1573,16788,-640,108,-231,-26,107
1576,16964,-708,148,-242,-8,110
1580,16868,-736,208,-251,24,110
1583,16972,-616,144,-256,-12,138
1586,16912,-844,164,-214,-1,97
1589,16884,-652,28,-237,4,99
1591,16888,-652,200,-236,-3,96
1594,16892,-656,108,-267,-8,124
1597,16812,-656,168,-217,17,92
1600,16904,-600,88,-257,7,97
1603,16864,-612,160,-236,2,114
1606,16960,-640,228,-235,-16,96
1609,16780,-640,156,-225,26,127
1612,16928,-660,108,-254,-26,96
1615,16868,-684,244,-239,-9,112
1618,16908,-784,184,-227,8,105
1620,16824,-748,204,-222,0,79
1624,16868,-660,100,-240,-2,108
1627,16832,-652,124,-242,-13,114
1630,16992,-672,96,-217,11,139
1633,16852,-624,192,-245,-16,106
1636,16928,-692,212,-237,-25,116
1639,16968,-600,196,-200,-16,107
1642,16884,-648,144,-235,-24,88
1645,16928,-700,272,-214,3,108
1648,16940,-712,100,-225,8,110
1651,16952,-624,148,-232,-12,108
1654,16984,-688,236,-226,-15,101
1657,16880,-732,224,-234,-22,108
1660,16792,-700,144,-236,-14,99
1662,16964,-768,4,-232,40,93
1666,16872,-724,52,-236,21,104
1669,16868,-628,96,-230,-13,109
1672,16876,-492,120,-218,-12,97
1675,16832,-680,80,-234,-5,104
1678,16852,-760,112,-221,-13,93
1681,16792,-660,196,-242,3,107
1684,16888,-660,256,-225,-16,110
1687,16916,-636,20,-241,-15,109
1689,16876,-632,108,-229,-3,116
1692,16872,-640,164,-238,17,120
1695,16812,-664,116,-250,-7,109
1698,16836,-684,144,-242,-16,124
1701,16876,-636,16,-226,-29,130
1704,16992,-608,-20,-247,4,103
1708,16976,-584,256,-211,-9,120
1711,16940,-628,92,-243,-10,108
1714,16788,-612,112,-224,-47,107
1717,16860,-608,240,-234,21,114
1720,16876,-636,84,-235,-6,108
1723,16812,-636,172,-247,-6,91
1725,16828,-724,140,-213,3,99
1728,16812,-648,104,-244,-25,125
1731,16964,-560,140,-262,-11,105
1734,16992,-716,96,-223,-17,106
1737,16844,-636,24,-272,-7,121
1740,16932,-556,176,-252,-6,123
1743,16844,-588,200,-218,-27,108
1746,16812,-704,152,-244,-8,112
1750,16892,-592,140,-252,3,129
1753,16868,-620,284,-222,-6,121
1756,16856,-584,104,-222,-9,121
1758,16892,-672,52,-249,9,90
1761,16900,-764,152,-214,-16,116
1764,16912,-648,72,-248,-10,125
1767,16988,-680,276,-230,11,88
1770,16852,-564,132,-235,10,115
1773,16996,-648,104,-232,-16,97
1776,16976,-660,116,-249,-14,128
1779,16856,-672,208,-223,-8,85
1782,16912,-680,128,-220,-15,106
1785,16980,-716,272,-251,-20,97
1788,16920,-776,132,-221,-7,117
1792,16776,-672,196,-261,2,119
1794,16892,-712,208,-196,14,90
1797,16916,-668,200,-246,-20,106
1800,16884,-672,248,-236,6,120
1803,16932,-644,128,-255,-30,119
1806,16976,-700,-4,-226,-15,107
1809,16804,-724,140,-216,1,115
1812,16868,-632,216,-226,-13,113
1815,16928,-640,156,-244,-3,124
1818,16788,-756,152,-216,14,122
1821,16880,-636,100,-245,-27,110
1824,16852,-620,156,-236,-7,92
1827,16792,-648,292,-233,0,108
1829,16940,-664,180,-232,-17,104
1832,16936,-684,196,-231,-8,101
1836,16904,-616,220,-244,-30,115
1839,16932,-752,192,-231,13,102
1842,16972,-728,160,-243,-18,122
1845,16796,-680,212,-207,-10,91
1848,16820,-692,152,-251,3,106
1851,16864,-736,268,-230,-30,127
1854,16852,-648,124,-213,3,126
1857,16884,-592,156,-231,-7,138
1860,16872,-668,156,-278,4,114
1863,16812,-660,36,-223,-1,107
1866,16924,-680,-32,-251,22,107
1868,16876,-536,160,-228,2,115
1871,16860,-660,104,-247,3,107
1874,16768,-680,148,-225,15,90
1878,16864,-640,236,-237,-20,103
1881,16908,-624,116,-273,17,107
1884,16840,-528,100,-221,-26,91
1887,16856,-692,204,-246,5,114
1890,16912,-572,92,-239,5,104
1893,16852,-684,28,-230,-22,87
1896,16980,-584,88,-233,42,135
1899,16896,-656,108,-234,-7,71
1901,16808,-588,140,-245,-5,123
1904,16904,-556,128,-233,-21,105
1907,16804,-604,216,-246,8,123
1910,16844,-724,188,-243,11,112
1913,16832,-660,84,-243,3,110
1916,17004,-600,-8,-244,-1,125
1920,16944,-704,196,-233,-14,122
1923,16924,-668,48,-212,9,95
1926,16920,-572,68,-259,-26,95
1928,16916,-672,-4,-239,-8,108
1931,16884,-756,64,-233,11,117
1934,16812,-704,88,-246,-21,102
1937,16888,-756,148,-244,-26,111
1940,16984,-744,144,-238,-5,112
1943,16956,-748,180,-251,4,100
1946,16980,-636,72,-220,-18,117
1949,16868,-684,60,-253,-43,98
1952,16832,-732,216,-209,0,126
1954,16916,-680,72,-244,-10,104
1957,16888,-676,144,-232,1,124
1960,16864,-664,136,-250,-26,90
1964,16872,-708,92,-246,28,88
1967,16832,-708,348,-242,-17,99
1970,16876,-644,212,-245,-11,94
1973,16912,-696,160,-233,5,98
1976,16960,-708,148,-241,2,115
1979,16876,-632,240,-243,-21,110
1982,16844,-692,240,-261,-20,88
1984,16972,-668,52,-240,-6,121
1987,16912,-652,236,-216,-19,82
1990,16816,-720,112,-241,3,121
1993,16864,-696,152,-217,-29,98
1996,16988,-688,96,-230,16,120
1999,16852,-624,164,-216,4,90
2002,16868,-572,152,-237,-16,137
2006,16812,-572,104,-245,-6,84
2009,16812,-588,216,-219,-4,96
2012,16848,-656,80,-219,3,103
2014,16792,-604,120,-245,-45,99
2017,16980,-556,204,-255,-11,88
2020,16800,-712,96,-233,5,104
2023,16872,-548,248,-253,-27,106
2026,16852,-584,296,-234,-20,123
2029,16964,-724,120,-238,26,125
2032,16872,-640,152,-239,8,112
2035,16932,-708,208,-225,-24,121
2038,16920,-672,140,-244,-35,120
2041,16816,-600,308,-222,2,99
2044,16904,-632,80,-257,-21,147
2046,16892,-664,136,-226,-11,91
2050,16928,-668,164,-242,-4,110
2053,16952,-684,72,-250,-6,95
2056,16960,-592,200,-232,-8,99
2059,16852,-564,124,-230,-28,96
2062,16904,-700,200,-218,-6,111
2065,16856,-636,168,-224,-14,85
2068,16788,-640,108,-228,-6,113
2071,16984,-588,96,-241,-23,92
2073,16788,-652,144,-221,-6,132
2076,16872,-632,120,-239,3,82
2079,16860,-604,48,-227,-18,123
2082,16768,-644,164,-241,-8,88
2085,16900,-656,232,-233,-40,107
2088,16900,-624,196,-221,-10,111
2092,16828,-616,128,-254,-22,111
2095,16956,-672,160,-261,-17,109
2098,16956,-576,156,-206,-7,124
2101,16904,-668,88,-265,-3,119
2104,16840,-684,160,-208,-63,91
2106,16844,-532,148,-240,-14,112
2109,16860,-624,92,-231,-27,111
2112,16900,-532,60,-219,-32,93
2115,16920,-644,128,-244,-9,121
2118,16792,-648,120,-214,-4,110
2121,16808,-516,100,-245,2,107
2124,16896,-556,60,-231,0,106
2127,16916,-620,76,-242,6,140
2130,16860,-572,-12,-235,-43,119
2134,16900,-584,8,-224,-3,114
2136,16916,-656,136,-227,-23,117
2139,16996,-684,172,-229,0,102
2142,16912,-684,32,-240,-4,107
2145,16948,-656,248,-253,10,117
2148,16880,-652,116,-222,-22,91
2151,16892,-728,64,-251,-10,128
2154,16876,-780,212,-224,-3,119
2157,16992,-616,152,-233,-15,116
2160,16860,-652,196,-246,-7,99
2163,16936,-688,160,-254,16,96
2165,16896,-776,228,-208,-47,125
2168,16892,-684,160,-242,-9,109
2171,16928,-748,100,-246,-28,111
2174,16804,-680,84,-230,1,114
2178,16972,-748,192,-241,-41,116
2181,16880,-768,140,-256,-14,120
2184,16908,-632,208,-232,5,122
2187,16764,-732,192,-243,12,116
2190,16884,-568,192,-245,-38,117
2193,16856,-704,168,-212,-2,99
2196,16948,-668,112,-235,12,110
2199,16780,-620,124,-223,12,114
2202,16888,-684,40,-232,-30,119
2205,16940,-728,200,-245,-1,97
2207,16880,-736,144,-227,3,109
2210,16956,-492,236,-230,18,105
2213,16932,-608,264,-223,-28,97
2216,16964,-680,152,-247,-6,111
2220,16896,-688,120,-226,-1,108
2223,16880,-660,192,-251,6,94
2226,16940,-704,204,-223,-11,116
2229,16896,-696,104,-242,-38,81
2232,16940,-616,72,-220,13,126
2235,16980,-640,88,-232,-51,113
2237,16896,-756,-44,-252,7,113
2240,16896,-740,128,-233,-17,119
2243,16904,-640,104,-225,4,117
2246,16920,-696,176,-235,-1,98
2249,16832,-708,192,-217,-22,94
2252,16792,-708,148,-208,-2,128
2255,16836,-728,200,-252,-17,112
2258,17016,-716,124,-247,-17,107
2262,16860,-744,224,-231,-7,128
2265,16804,-644,208,-236,22,108
2268,16876,-768,152,-215,11,102
2271,16884,-776,168,-242,-7,96
2273,16896,-724,188,-247,10,134
2276,16808,-680,208,-232,24,87
2279,16836,-808,84,-244,-35,102
2282,16868,-804,160,-263,22,129
2285,16948,-616,168,-234,-6,120
2288,16824,-692,44,-225,-10,88
2291,16796,-712,180,-257,-23,75
2294,16920,-660,0,-242,26,126
2297,16896,-748,160,-228,9,127
2300,16948,-724,108,-252,9,98
2304,16864,-580,264,-219,-35,99
2306,16880,-728,104,-252,-2,101
2309,16788,-768,112,-236,18,132
2312,16928,-692,232,-253,-37,116
2315,16848,-632,4,-240,-23,115
2318,16816,-672,88,-226,17,98
2321,16948,-708,52,-233,5,92
2324,16824,-596,176,-241,-21,102
2327,16920,-660,140,-233,-11,106
2330,16804,-580,304,-235,-4,75
2333,16880,-660,148,-229,-11,115
2336,16956,-680,92,-212,-10,118
2338,16908,-580,68,-249,-5,94
2341,16900,-592,52,-218,-1,110
2344,16876,-620,144,-240,-8,99
2348,16932,-532,144,-224,-4,113
2351,16888,-544,112,-236,-9,83
2354,16844,-596,160,-241,5,95
2357,16956,-656,60,-233,0,128
2359,16868,-688,112,-245,-26,117
2362,16904,-612,260,-249,-15,89
2365,17092,-700,72,-215,2,122
2368,16848,-684,188,-249,-17,104
2371,17024,-656,92,-241,15,94
2374,16920,-708,68,-256,-36,124
2377,16884,-608,312,-218,-10,99
2380,16832,-660,-36,-249,-22,107
2383,16876,-644,48,-223,-17,100
2386,16832,-620,88,-240,12,111
2390,16904,-740,8,-197,-8,120
2392,16872,-684,60,-238,14,116
2395,16948,-652,208,-233,15,122
2398,16912,-624,120,-236,7,125
2401,16936,-664,52,-223,-14,113
2404,16792,-712,72,-236,-12,101
2407,16940,-700,128,-249,-7,96
2410,16900,-576,156,-254,-5,80
2413,16904,-680,-40,-210,-1,147
2416,16940,-628,160,-231,-29,87
2418,16844,-696,116,-244,26,91
2421,16932,-640,192,-235,-6,113
2424,16852,-696,-16,-217,-7,85
2427,16948,-648,56,-249,-19,109
2430,16856,-788,180,-240,-7,109
2434,16876,-712,116,-238,-20,103
2437,16904,-612,88,-244,-2,93
2440,16868,-712,144,-226,18,103
2443,16868,-632,0,-240,-2,100
2445,16844,-560,160,-232,12,107
2448,16844,-632,4,-220,-22,115
2451,16820,-700,176,-261,19,100
2454,16872,-628,212,-252,-3,105
2457,16996,-656,140,-266,-10,134
2460,16868,-668,192,-239,33,103
2463,16864,-736,184,-239,-22,109
2466,16864,-720,188,-232,-7,108
2469,16820,-672,124,-244,-15,108
2472,16956,-640,236,-200,-8,98
2476,16904,-664,124,-243,-35,104
2479,16888,-588,176,-245,-32,81
2482,17004,-640,16,-214,-23,133
2484,17020,-644,248,-239,0,111
2487,16884,-596,120,-244,-3,118
2490,16852,-496,140,-247,-21,97
2493,16900,-676,88,-221,-18,123
2496,16964,-632,44,-228,-1,111
2499,16904,-660,104,-236,-26,88
2502,16868,-568,180,-232,-21,122
2505,16888,-632,88,-235,16,106
2508,16904,-676,92,-233,-15,118
2511,16896,-560,248,-261,10,130
2514,16928,-644,140,-220,-30,92
2516,16864,-628,240,-235,-3,121
2520,16792,-568,100,-230,10,129
2523,16892,-520,212,-233,-14,124
2526,16964,-624,180,-268,-4,110
2529,16812,-680,220,-269,-7,93
2532,16868,-708,132,-221,-1,88
2535,16892,-600,164,-233,-16,126
2538,16880,-636,196,-228,-20,108
2541,16816,-608,168,-233,2,133
2544,16896,-604,148,-249,15,111
2547,16876,-672,56,-230,-13,115
2550,16832,-700,136,-222,-6,116
2553,16812,-700,132,-235,-7,108
2555,16928,-700,120,-236,0,129
2558,16896,-552,-8,-230,-6,114
2562,16768,-596,64,-221,-29,94
2565,16872,-740,84,-256,10,128
2568,16828,-712,60,-220,-14,115
2571,16932,-684,84,-234,1,78
2574,16976,-744,148,-241,5,119
2577,16784,-668,40,-246,4,94
2579,16888,-680,84,-242,-16,100
2582,16964,-612,228,-246,-21,108
2585,16852,-688,92,-228,-3,106
2588,16956,-704,72,-222,-15,92
2591,16852,-568,100,-262,-23,93
2594,16900,-712,164,-244,-24,97
2597,16864,-588,72,-247,3,121
2600,16852,-804,208,-264,-22,125
2604,16884,-704,92,-230,-8,128
2606,16868,-740,160,-215,9,107
2609,16832,-756,152,-240,-1,115
2612,16944,-696,160,-245,12,85
2615,16904,-652,220,-252,-4,124
2618,16928,-708,244,-218,-17,106
2621,16920,-616,248,-231,2,92
2624,16912,-688,104,-230,-10,106
2627,16848,-672,172,-233,7,85
2630,16848,-704,240,-276,-3,136
2633,16912,-668,244,-224,17,109
2636,16840,-500,52,-213,-35,107
2638,16848,-640,268,-235,-9,106
2641,16900,-764,208,-228,0,114
2644,16784,-628,272,-224,-22,123
2648,16896,-600,148,-267,8,93
2651,16872,-720,196,-222,-12,105
2654,16860,-596,140,-223,5,113
2657,16896,-668,284,-221,-16,72
2660,16876,-668,152,-226,0,107
2663,16848,-536,128,-233,4,103
2666,16816,-696,168,-247,4,112
2669,16972,-572,244,-236,-18,104
2671,16804,-504,212,-240,-6,94
2674,16976,-668,192,-215,-4,116
2677,16880,-584,244,-214,-10,85
2680,16888,-576,248,-254,-28,128
2683,16904,-572,100,-247,-19,120
2686,16932,-572,180,-229,-20,102
2690,16960,-700,248,-260,0,100
2693,16904,-632,152,-199,-14,108
2696,16752,-680,184,-253,8,101
2699,16880,-668,176,-213,-18,126
2702,16904,-668,152,-221,1,117
2705,16936,-636,20,-260,-6,101
2708,16844,-692,64,-230,3,102
2710,16972,-676,104,-247,13,120
2713,16904,-728,84,-194,-8,129
2716,16968,-628,96,-241,-8,102
2719,16976,-624,128,-227,7,102
2722,16916,-752,112,-238,-13,128
2725,16808,-648,124,-238,-13,125
2728,16932,-680,264,-232,-4,100
2732,16936,-696,84,-239,-23,130
2735,16960,-832,168,-232,-16,104
2738,16892,-648,88,-216,-17,100
2741,16900,-712,224,-247,6,113
2743,16760,-716,112,-231,10,105
2746,16876,-748,68,-230,2,127
2749,16916,-580,16,-234,2,73
2752,16920,-688,36,-210,19,100
2755,16960,-732,160,-244,-1,133
2758,16952,-632,40,-238,-9,103
2761,16972,-704,140,-212,-19,102
2764,16860,-628,60,-222,-7,83
2767,16980,-724,200,-241,-29,104
2769,16916,-664,60,-221,-6,96
2772,16904,-664,92,-245,-14,115
2776,16952,-660,108,-243,-3,98
2779,17008,-640,156,-240,-2,107
2782,16936,-616,160,-221,-12,105
2785,16868,-764,52,-246,-25,128
2788,16904,-604,192,-260,-10,127
2791,16832,-700,136,-212,-5,90
2794,16892,-688,172,-236,-2,107
2797,16960,-628,144,-235,22,106
2800,16872,-664,132,-239,-23,110
2802,16848,-660,260,-230,8,119
2805,16812,-676,184,-228,-13,89
2808,16888,-584,0,-261,1,107
2811,16924,-624,132,-259,3,131
2814,16880,-656,172,-239,-34,118
2818,16984,-628,204,-241,6,107
2821,16964,-608,168,-235,-29,134
2824,16944,-732,128,-251,2,137
2827,16880,-648,148,-221,-14,101
2830,16960,-688,120,-229,-11,83
2833,16812,-600,160,-248,12,107
2836,16920,-612,64,-238,-19,102
2838,16860,-632,204,-239,-4,117
2841,16932,-628,216,-240,6,112
2844,16928,-640,104,-211,-3,109
2847,16832,-632,136,-232,-24,105
2850,16832,-680,192,-239,0,90
2853,16992,-648,196,-242,24,118
2856,16980,-640,324,-221,-30,114
2860,16932,-748,72,-259,-14,120
2863,16924,-792,232,-238,-29,111
2866,16832,-688,224,-220,-3,108
2869,16836,-696,244,-222,8,133
2872,16844,-548,144,-235,-4,115
2874,16848,-776,84,-214,-12,110
2877,16860,-716,172,-236,-3,123
2880,16900,-656,108,-240,-31,137
2883,16852,-636,156,-236,-4,83
2886,16864,-748,148,-241,-16,115
2889,16804,-680,52,-235,-2,75
2892,16760,-648,120,-231,-4,113
2895,16900,-700,132,-241,-2,108
2898,16864,-736,212,-230,-6,117
2902,16908,-628,140,-216,-22,119
2904,16836,-684,180,-256,-17,118
2907,16948,-708,116,-239,10,106
2910,16856,-708,112,-227,6,92
2913,16840,-596,200,-222,-23,109
2916,16800,-636,72,-254,-35,86
2919,16768,-624,92,-227,1,117
2922,16868,-724,48,-242,41,103
2925,16844,-560,176,-235,-23,104
2928,16888,-720,128,-230,-20,111
2931,16872,-668,160,-262,-1,91
2934,16856,-600,244,-214,-16,100
2937,16876,-708,96,-243,-24,118
2939,16884,-584,128,-223,-6,129
2942,16820,-700,160,-232,-13,95
2946,16896,-620,144,-258,-49,118
2949,16848,-548,12,-207,19,95
2952,16880,-760,168,-244,-2,114
2955,16908,-660,136,-232,1,109
2958,16920,-572,160,-251,7,85
2961,16852,-592,20,-248,-20,110
2964,16940,-620,132,-254,4,114
2967,16880,-600,184,-240,-17,110
2970,16804,-592,176,-220,-12,93
2972,16876,-608,-64,-231,-1,112
2975,16884,-732,192,-233,1,116
2978,16956,-740,76,-234,0,107
2981,16948,-568,136,-263,-9,123
2984,16832,-664,64,-254,12,120
2988,16960,-656,88,-233,0,104
2991,16884,-628,144,-241,1,82
2994,16836,-640,-44,-235,-27,134
2997,16920,-668,188,-230,19,98
2999,16928,-632,156,-240,-8,104
3002,16904,-580,104,-234,7,139
3005,16896,-684,32,-254,-2,90
3008,16928,-756,156,-251,-2,101
3011,16880,-744,244,-236,21,101
3014,16956,-696,96,-219,-19,129
3017,16860,-704,136,-247,2,104
3020,16852,-756,248,-244,-12,97
3023,16912,-652,52,-221,-9,112
3025,16928,-664,108,-231,7,116
3028,16868,-648,140,-222,-24,105
3032,16920,-660,204,-224,5,108
3035,16908,-628,360,-239,0,83
3038,16888,-524,124,-234,-23,110
3041,16960,-748,212,-238,-31,106
3044,16940,-772,72,-251,4,93
3047,16896,-560,112,-239,-13,149
3050,16944,-632,212,-242,-14,86
3053,16892,-784,80,-226,-1,98
3055,16876,-596,172,-239,-7,114
3058,16856,-676,88,-223,-22,100
3061,16716,-656,236,-237,-16,89
3064,16816,-692,248,-242,9,128
3067,16848,-728,284,-239,11,97
3070,16892,-548,152,-221,-34,110
3074,16872,-620,152,-241,8,111
3077,16844,-792,160,-253,-5,109
3080,16868,-756,208,-233,-3,116
3083,16948,-588,236,-226,-14,87
3086,16856,-660,148,-213,-22,138
3089,16820,-756,248,-214,19,102
3091,16892,-676,196,-256,-7,125
3094,16808,-644,216,-241,-14,111
3097,16932,-652,44,-233,23,95
3100,16744,-676,216,-260,-49,90
3103,16876,-612,76,-264,-36,84
3106,16856,-580,116,-264,-2,119
3109,16920,-668,200,-224,33,133
3112,16860,-692,64,-218,-23,104
3116,16876,-688,144,-229,7,95
3119,16900,-704,260,-257,5,101
3121,16944,-664,144,-219,-13,109
3124,16948,-672,236,-247,-21,142
3127,16908,-560,144,-210,-15,119
3130,16856,-620,40,-224,7,99
3133,16920,-664,272,-221,-20,97
3136,16864,-684,160,-238,-9,84
3139,16896,-704,148,-222,-18,94
3142,16932,-608,128,-224,-4,112
3145,16804,-652,84,-215,3,95
3148,16908,-668,188,-250,-25,117
3151,16872,-600,208,-228,2,106
3153,16848,-592,-36,-231,36,108
3156,16808,-716,208,-253,-1,118
3160,16804,-744,60,-248,-21,110
3163,16752,-676,52,-243,6,136
3166,16868,-684,172,-254,4,85
3169,16816,-564,112,-244,4,113
3172,16896,-700,216,-230,-42,117
3175,16884,-676,268,-256,26,107
3178,16788,-748,100,-221,-2,113
3181,16932,-708,68,-233,-46,85
3183,16880,-740,12,-233,17,121
3186,16796,-648,92,-226,-2,98
3189,16860,-620,48,-261,-6,127
3192,16832,-720,40,-237,-19,110
3195,16880,-684,196,-220,4,117
3198,16904,-708,140,-233,23,111
3202,16896,-676,152,-225,-11,102
3205,16928,-556,-16,-227,6,110
3208,16868,-708,128,-240,19,98
3211,16948,-660,208,-262,10,127
3213,16928,-552,96,-249,-28,82
3216,16904,-640,108,-251,3,100
3219,16896,-736,104,-233,19,112
3222,17008,-640,112,-224,-12,114
3225,16868,-540,136,-267,-4,103
3228,16728,-664,24,-207,-3,113
3231,16904,-572,172,-244,0,128
3234,16928,-648,160,-241,-5,122
3237,16900,-624,224,-240,-24,104
3240,16848,-648,156,-234,7,94
3244,16868,-668,112,-233,-8,101
3246,16904,-600,200,-208,-17,109
3249,16820,-632,148,-240,7,89
3252,16908,-696,76,-227,11,117
3255,16904,-696,116,-232,-2,110
3258,16944,-636,200,-248,-19,129
3261,16844,-600,156,-254,24,104
3264,16908,-684,108,-247,7,86
3267,16828,-548,132,-242,-19,111
3270,16912,-664,60,-225,2,111
3273,16896,-504,188,-252,2,124
3276,16828,-740,192,-255,-6,98
3278,16904,-664,116,-243,12,113
3281,16880,-600,168,-241,-27,102
3284,16820,-716,304,-233,14,103
3288,16848,-692,132,-234,0,141
3291,16820,-660,144,-234,-35,105
3294,16936,-636,168,-249,20,87
3297,16908,-680,140,-226,13,124
3300,16800,-676,132,-265,-6,103
3303,16936,-728,152,-237,-14,96
3306,16876,-700,172,-248,8,101
3309,16812,-664,216,-220,-18,106
3312,16796,-656,100,-226,14,114
3315,16840,-684,84,-212,-1,102
3317,16932,-792,60,-237,-19,88
3320,16916,-612,108,-239,2,104
3323,16768,-704,108,-225,-3,118
3326,16852,-668,64,-253,-21,103
3330,16868,-696,196,-231,-2,92
3333,16836,-588,108,-201,14,94
3336,16904,-512,144,-240,-29,104
3339,16896,-708,132,-247,6,132
3342,16896,-672,100,-233,-10,104
3345,16968,-632,132,-238,3,114
3348,16888,-588,4,-247,-30,100
3350,16932,-608,64,-214,-9,101
3353,16924,-776,252,-217,3,123
3356,16912,-644,108,-246,-7,118
3359,16924,-640,-16,-250,-1,88
3362,16852,-596,164,-236,-29,122
3365,16852,-656,136,-254,-27,86
3368,16892,-608,228,-226,-2,104
3372,16832,-672,108,-267,-10,108
3375,16904,-640,28,-221,24,92
3377,16972,-668,40,-244,8,113
3380,16912,-616,176,-217,-15,96
3383,16928,-552,32,-215,-19,113
3386,16864,-556,108,-226,4,113
3389,16808,-740,120,-205,-41,91
3392,16916,-676,176,-213,-22,116
3395,16892,-640,188,-263,12,115
3398,16920,-680,96,-208,-7,97
3401,16884,-716,152,-247,-19,110
3404,16904,-672,112,-257,-41,114
3407,16864,-648,140,-225,15,108
3410,16892,-660,164,-222,-11,104
3414,16920,-712,216,-230,-9,96
3416,16916,-640,52,-254,-23,127
3419,16876,-620,232,-229,2,129
3422,16888,-660,196,-250,2,118
3425,16852,-676,192,-225,-8,128
3428,16788,-692,104,-251,-18,115
3431,16876,-724,108,-220,15,117
3434,16808,-720,108,-215,-11,93
3437,16892,-568,204,-245,3,88
3440,16960,-608,92,-219,-12,128
3443,16868,-752,80,-237,0,114
3445,16960,-708,92,-248,4,107
3448,16904,-656,176,-254,-16,124
3451,16956,-608,152,-244,-6,130
3454,16888,-680,148,-226,10,100
3458,16796,-688,180,-225,5,97
3461,16804,-700,80,-232,-14,124
3464,16848,-804,152,-239,11,109
3467,16892,-640,100,-231,-8,117
3470,16832,-544,120,-239,-6,87
3473,16964,-696,72,-233,-25,102
3476,16860,-720,140,-251,37,91
3478,16848,-580,148,-240,23,122
3481,16748,-656,76,-238,-34,98
3484,16864,-664,240,-214,18,125
3487,16844,-760,220,-249,-3,121
3490,16876,-712,92,-251,-16,122
3493,16852,-628,140,-221,11,104
3496,16788,-576,124,-230,-5,126
3500,16864,-728,64,-245,42,88
3503,16804,-692,72,-247,-42,111
3506,16916,-736,136,-230,2,106
3509,16948,-596,164,-235,0,122
3511,16864,-728,-48,-245,22,114
3514,16936,-712,216,-257,-23,101
3517,16952,-668,124,-260,19,123
3520,16836,-584,152,-261,-17,92
3523,16788,-680,64,-243,-2,88
3526,16856,-716,64,-227,-15,127
3529,17000,-612,104,-256,-15,103
3532,16900,-652,236,-250,3,97
3535,16844,-652,160,-236,-24,96
3538,16908,-612,112,-220,-7,87
3540,16852,-652,152,-247,7,90
3544,16808,-652,36,-224,10,118
3547,16876,-592,132,-257,-9,114
3550,16824,-688,84,-260,-6,115
3553,16932,-664,176,-246,-2,108
3556,16848,-620,60,-236,4,96
3559,16848,-616,28,-245,-15,106
3562,16812,-648,192,-234,5,117
3565,16912,-632,276,-233,-10,92
3567,16812,-624,168,-242,22,119
3570,16976,-684,136,-239,-29,106
3573,16920,-600,252,-249,-9,100
3576,16808,-636,172,-228,-5,95
3579,16892,-568,36,-234,-33,95
3582,16856,-708,280,-239,-25,101
3586,16900,-720,32,-220,22,98
3589,16896,-756,112,-248,3,126
3592,16864,-584,136,-253,-5,111
3595,16948,-660,40,-256,-31,135
3597,16832,-732,212,-215,18,99
3600,16932,-676,132,-227,-1,100
3603,16752,-608,32,-220,-21,108
3606,16864,-668,84,-240,1,98
3609,16796,-768,32,-240,8,103
3612,16912,-664,48,-223,-9,148
3615,16848,-612,96,-232,-16,105
3618,16872,-664,116,-236,-10,102
3621,16812,-772,188,-244,16,109
3624,16896,-680,100,-234,-21,100
3628,16932,-720,56,-255,0,109
3630,16908,-692,140,-232,11,109
3633,16888,-656,48,-249,20,109
3636,16860,-732,252,-260,-13,106
3639,16912,-748,40,-249,10,111
3642,16876,-720,144,-244,-37,108
3645,16868,-624,128,-233,-5,102
3648,16880,-516,168,-222,-38,124
3651,16860,-712,160,-238,-17,103
3654,16900,-704,-8,-249,-12,111
3657,16872,-556,184,-238,-11,100
3660,16860,-664,80,-240,-40,113
3663,16820,-620,-36,-245,16,128
3666,16904,-756,104,-237,-1,131
3668,16880,-640,168,-212,-10,129
3672,16860,-652,136,-262,-17,86
3675,16840,-652,128,-224,2,94
3678,16880,-700,124,-224,1,117
3681,16860,-604,204,-238,-2,100
3684,16836,-564,180,-222,-17,129
3687,16892,-736,240,-240,-4,106
3690,16848,-660,184,-236,5,121
3693,16896,-688,68,-229,-2,99
3696,16848,-632,100,-236,-9,117
3698,16872,-688,212,-249,19,109
3701,16848,-564,212,-212,-16,105
3704,16876,-604,104,-260,-8,105
3707,16888,-564,32,-239,-1,125
3710,16908,-544,204,-237,-9,117
3714,16964,-652,108,-233,-6,101
3717,16848,-644,296,-236,-24,108
3720,16856,-684,188,-273,8,109
3723,16932,-632,164,-233,3,104
3726,16936,-676,144,-242,-12,116
3729,16944,-568,96,-220,-12,116
3732,16860,-520,0,-238,-39,121
3734,16952,-572,140,-231,-18,120
3737,16884,-640,216,-242,-26,93
3740,16760,-664,156,-237,-22,114
3743,16936,-668,84,-234,-12,100
3746,16860,-720,140,-235,-29,107
3749,16832,-700,76,-239,19,99
3752,16896,-576,56,-234,14,108
3756,16828,-596,88,-226,-7,123
3759,16816,-644,92,-234,-34,99
3762,16860,-600,208,-244,-8,97
3764,16720,-696,156,-245,-2,118
3767,16896,-664,20,-224,5,110
3770,16908,-708,64,-240,2,102
3773,16836,-736,24,-236,-12,106
3776,16912,-628,212,-236,-33,99
3779,16840,-620,156,-222,-7,91
3782,16912,-760,76,-240,-13,111
3785,16880,-684,168,-257,-40,114
3788,16848,-676,140,-219,37,100
3791,16932,-736,148,-250,15,123
3794,16804,-700,212,-222,-61,98
3796,16936,-636,120,-225,-13,93
3800,16952,-572,92,-230,4,93
3803,16868,-616,52,-237,2,104
3806,16872,-736,216,-231,-19,98
3809,16888,-704,180,-259,-9,122
3812,16912,-640,156,-222,-9,115
3815,16864,-648,32,-236,-21,90
3818,16844,-680,100,-255,-20,102
3821,16856,-668,92,-256,-3,125
3823,16920,-720,148,-200,-4,92
3826,16852,-720,240,-234,12,104
3829,16924,-760,164,-224,21,98
3832,16872,-640,100,-255,11,109
3835,16856,-640,224,-219,-17,101
3838,16828,-592,-8,-234,-50,114
3842,16952,-780,160,-248,34,109
3845,16912,-628,176,-239,-14,119
3848,16888,-732,216,-244,-16,99
3851,16844,-676,28,-216,-7,119
3854,16920,-704,152,-242,-4,92
3856,16868,-636,4,-234,-8,111
3859,16972,-668,276,-225,-11,91
3862,16908,-660,220,-248,-19,153
3865,16760,-620,172,-248,19,96
3868,16936,-688,236,-247,-28,97
3871,16960,-696,124,-263,4,114
3874,16880,-796,156,-226,-17,96
3877,16868,-688,180,-227,-21,104
3880,16980,-544,0,-275,-26,98
3884,16960,-660,144,-233,-6,104
3886,16768,-652,64,-214,1,93
3889,16876,-680,40,-246,-52,132
3892,16896,-644,168,-230,-15,98
3895,16964,-684,220,-234,15,116
3898,16880,-556,124,-247,-26,123
3901,16916,-648,72,-242,14,88
3904,16900,-720,72,-198,-15,132
3907,16912,-808,188,-254,-10,121
3910,16968,-688,152,-251,14,92
3913,16852,-668,148,-246,-3,128
3915,16848,-736,64,-235,-24,94
3918,16920,-752,180,-226,12,106
3921,16924,-640,136,-241,-27,114
3924,16832,-660,120,-223,-9,111
3928,16908,-660,160,-243,-16,114
3931,16824,-728,140,-236,-10,112
3934,16948,-680,120,-240,-12,113
3937,16916,-768,208,-213,3,115
3940,16848,-636,104,-237,-9,113
3943,16868,-768,152,-240,-9,115
3946,16920,-636,92,-206,-19,104
3949,16944,-684,152,-237,-19,104
3952,16816,-728,140,-261,22,115
3955,16900,-608,212,-220,-24,99
3958,16836,-624,60,-252,-5,112
3960,16908,-664,176,-233,-18,96
3963,16888,-736,164,-235,14,123
3966,16904,-660,284,-227,-6,88
3970,16892,-688,84,-243,-23,116
3973,16960,-560,112,-213,5,122
3976,16928,-756,144,-236,-22,111
3979,16968,-596,100,-247,7,111
3982,16984,-652,192,-224,-31,109
3985,16840,-608,132,-244,-2,94
3988,16904,-688,124,-238,-1,96
3990,16804,-620,168,-234,1,87
3993,16780,-668,200,-225,-19,120
3996,16912,-636,152,-240,-20,117
3999,16900,-656,-16,-231,7,84
4002,16828,-616,124,-241,-8,110
4005,16904,-688,212,-218,-27,105
4008,16888,-696,212,-245,54,101
4012,16956,-704,88,-217,-13,116
4015,16936,-672,200,-242,-24,109
4018,16804,-676,192,-249,-16,110
4021,16988,-736,108,-239,13,113
4024,16912,-592,144,-238,23,120
4027,16844,-688,204,-241,-18,120
4030,16832,-720,68,-247,4,94
4032,16960,-696,132,-249,12,97
4035,16908,-600,200,-237,-2,102
4038,16888,-608,156,-244,-10,98
4041,16832,-688,188,-238,5,74
4044,16908,-696,92,-238,-17,113
4047,16764,-612,184,-240,-4,96
4050,16880,-660,120,-243,4,129
4054,16840,-720,136,-243,-4,121
4057,16964,-652,44,-240,1,129
4059,16908,-612,208,-261,-2,94
4062,16892,-692,128,-267,-3,125
4065,16892,-756,296,-238,21,103
4068,16784,-600,248,-255,-24,108
4071,16904,-476,64,-239,-24,117
4074,16832,-700,88,-242,-5,109
4077,16920,-700,20,-249,13,121
4080,16896,-704,120,-216,3,101
4083,16836,-608,128,-254,-30,113
4086,16948,-600,44,-228,-21,101
4089,16896,-728,224,-252,-1,105
4091,16788,-592,256,-244,-14,108
4094,16860,-656,124,-221,-7,120
4098,16896,-660,120,-209,-33,100
4101,16904,-632,108,-256,15,115
4104,16936,-504,136,-226,-24,97
4107,16760,-792,168,-240,-11,95
4110,16836,-640,164,-221,-22,112
4113,16952,-708,276,-244,-24,83
4116,16804,-612,172,-242,-34,111
4119,16860,-712,36,-237,12,134
4122,16920,-684,-4,-230,-7,95
4124,16848,-712,-16,-251,-4,88
4127,16800,-652,92,-231,-32,121
4130,17012,-564,216,-239,-15,100
4133,16864,-620,120,-236,11,127
4136,16840,-684,152,-240,1,81
4140,16848,-608,112,-244,-6,104
4143,16936,-628,112,-209,6,103
4146,16916,-712,216,-244,-18,131
4149,16836,-636,176,-243,-4,92
4152,16828,-572,88,-245,-1,123
4155,16924,-624,64,-237,-3,129
4157,16864,-616,116,-235,-10,97
4160,16956,-616,44,-229,-2,107
4163,16880,-648,260,-267,-5,102
4166,16892,-624,72,-233,10,119
4169,16872,-612,132,-215,-25,120
4172,16864,-656,140,-234,-16,101
4175,16908,-668,88,-244,22,121
4178,16876,-736,164,-251,-8,109
4182,16740,-716,328,-251,-4,103
4185,16844,-552,44,-247,-16,117
4187,16956,-628,116,-256,32,106
4190,16932,-760,120,-267,9,101
4193,16976,-716,112,-214,-27,123
4196,17000,-668,40,-260,14,100
4199,16884,-684,144,-244,-12,102
4202,16948,-656,220,-245,-7,106
4205,16952,-584,96,-243,-13,127
4208,16872,-652,180,-223,-6,114
4211,16852,-700,252,-216,5,101
4214,16824,-776,116,-224,18,118
4217,16884,-672,180,-222,-22,121
4220,16804,-768,172,-247,-21,90
4224,16864,-776,224,-268,3,117
4226,16840,-632,256,-225,-23,109
4229,16832,-748,112,-241,-17,106
4232,16880,-736,92,-232,-6,107
4235,16900,-636,356,-235,18,104
4238,16916,-668,280,-221,8,83
4241,16876,-684,148,-223,-16,121
4244,16856,-744,36,-251,5,107
4247,16976,-688,188,-206,-2,119
4250,16848,-684,284,-249,-15,86
4253,16892,-620,64,-229,17,114
4256,16820,-696,80,-242,-30,97
4258,16804,-624,144,-241,-37,103
4261,16996,-664,60,-232,19,123
4264,16848,-616,88,-246,-6,111
4268,16912,-684,304,-228,-34,113
4271,16888,-584,256,-253,-17,120
4274,16952,-680,152,-231,-6,106
4277,16948,-728,60,-264,21,109
4280,16872,-664,192,-237,-22,120
4283,16888,-528,180,-246,-10,90
4286,16952,-680,144,-226,18,107
4289,16832,-640,76,-259,-12,97
4292,16900,-624,160,-207,-12,126
4295,16876,-584,100,-229,-1,83
4297,16880,-600,32,-243,17,119
4300,16888,-724,88,-240,-10,65
4303,16900,-676,128,-219,-19,119
4306,16856,-680,224,-240,8,119
4310,16920,-724,0,-260,-16,104
4313,16908,-584,148,-226,-11,87
4316,16816,-604,40,-259,-22,104
4319,16884,-668,-20,-231,22,102
4322,16720,-740,60,-247,24,108
4325,16920,-648,168,-225,-68,112
4327,16992,-664,-20,-246,-43,121
4330,16904,-724,120,-259,18,112
4333,16860,-644,64,-232,42,102
4336,16816,-584,264,-226,-25,91
4339,16972,-704,152,-262,-26,83
4342,16904,-660,116,-235,-5,95
4345,16960,-640,128,-223,-11,108
4348,16864,-640,156,-239,-26,131
4352,16888,-668,172,-207,-32,89
4355,17032,-684,96,-254,-5,103
4358,16796,-640,144,-212,5,107
4361,16860,-716,36,-254,-2,106
4363,16864,-612,216,-240,-7,101
4366,16888,-640,140,-247,-2,122
4369,16936,-564,100,-249,-42,98
4372,16960,-708,96,-235,-3,109
4375,16952,-664,96,-264,10,112
4378,16860,-692,192,-217,-13,122
4381,16920,-684,188,-245,-25,122
4384,16936,-724,76,-242,28,117
4387,16800,-676,180,-243,6,109
4390,16956,-708,72,-236,-28,107
4393,16900,-684,72,-244,-35,95
4396,16796,-612,224,-210,25,108
4399,16912,-648,148,-226,-15,120
4402,16920,-476,136,-238,-11,87
4405,16864,-732,260,-232,-34,130
4408,16784,-704,176,-215,15,118
4411,16916,-728,128,-232,18,105
4414,16904,-560,184,-232,-21,119
4417,16932,-644,136,-241,-24,97
4420,16816,-612,180,-225,10,142
4423,16812,-616,56,-242,-2,100
4426,16912,-688,80,-221,-40,80
4429,16796,-640,100,-230,15,105
4432,16940,-736,208,-230,-29,103
4435,16896,-688,108,-250,7,116
4438,16852,-700,196,-204,-31,107
4441,16812,-764,116,-218,20,137
4444,16892,-624,136,-237,31,107
4447,16856,-688,208,-233,-8,101
4450,16896,-788,52,-210,-17,110
4453,16916,-760,188,-244,2,106
4456,16856,-620,188,-219,-20,102
4459,16876,-720,76,-244,-13,92
4462,16852,-668,176,-217,-22,122
4465,16840,-744,244,-234,3,110
4468,16916,-548,260,-256,-26,110
4471,16948,-636,196,-234,-3,113
4474,16832,-680,100,-251,-29,95
4476,16908,-644,112,-238,7,105
4480,16840,-608,196,-239,4,103
4483,17004,-516,240,-234,-18,122
4486,16904,-632,52,-262,15,115
4489,16844,-692,92,-212,-8,89
4492,16984,-560,196,-249,-12,102
4495,16972,-732,176,-238,-2,97
4498,16900,-732,152,-248,9,107
4501,16888,-688,148,-263,-23,92
4504,16868,-640,236,-239,-14,76
4507,16884,-700,120,-224,5,105
4509,16920,-612,-20,-248,-6,127
4512,16968,-700,104,-225,-26,104
4515,16960,-720,172,-216,-1,99
4518,16808,-704,76,-230,-22,104
4521,16820,-776,112,-237,-14,98
4525,16808,-576,240,-248,-26,109
4528,16996,-708,144,-244,-1,113
4531,16868,-720,176,-229,-4,123
4534,16876,-688,80,-223,6,121
4537,16844,-716,152,-239,-17,103
4539,16936,-692,96,-222,-17,86
4542,16868,-688,120,-210,-20,108
4545,16848,-644,44,-255,23,92
4548,16824,-656,232,-200,-18,112
4551,16860,-684,168,-230,0,106
4554,16932,-676,200,-229,1,95
4557,16920,-616,172,-247,-1,112
4560,16852,-596,128,-234,-9,98
4563,16932,-624,240,-228,-17,124
4567,16876,-844,212,-258,14,109
4570,16960,-656,20,-224,-36,124
4572,16952,-660,60,-236,-27,107
4575,16888,-684,84,-253,22,102
4578,16776,-788,104,-228,-9,128
4581,16808,-644,56,-207,-6,125
4584,16932,-692,164,-245,9,121
4587,16884,-684,108,-239,-6,111
4590,16928,-632,92,-238,12,115
4593,16928,-584,144,-237,-35,99
4596,16884,-776,164,-227,7,110
4599,16804,-656,112,-217,20,90
4601,16828,-736,168,-222,-33,109
4604,16848,-652,40,-221,-9,96
4608,16780,-620,124,-224,22,125
4611,16904,-712,164,-240,0,72
4614,16752,-692,156,-221,9,125
4617,16892,-572,244,-222,-15,103
4620,16968,-680,176,-250,-8,90
4623,16960,-732,240,-236,-14,107
4626,16816,-720,112,-235,-4,126
4629,16928,-676,164,-204,23,124
4632,16872,-668,84,-230,-14,89
4634,16900,-676,196,-244,-16,107
4637,16940,-652,152,-251,8,94
4640,16952,-676,140,-240,0,114
4643,16868,-680,124,-249,-9,114
4646,16876,-640,136,-210,7,114
4649,16888,-680,96,-234,-8,111
4653,16888,-724,68,-222,-30,127
4656,16912,-680,112,-241,14,127
4659,16892,-648,48,-246,-18,96
4662,16904,-656,196,-235,-12,113
4665,16912,-628,84,-244,-21,118
4667,16908,-708,80,-237,1,104
4670,16920,-632,176,-284,-6,104
4673,16900,-596,112,-229,10,100
4676,16880,-768,16,-231,11,129
4679,16816,-640,152,-252,5,86
4682,16904,-568,32,-247,-12,86
4685,16888,-676,44,-247,-29,108
4688,16768,-832,180,-223,23,92
4691,16840,-576,72,-224,-23,119
4695,16836,-672,52,-251,-7,104
4697,16872,-676,200,-249,-6,115
4700,16944,-648,212,-254,-21,81
4703,16932,-684,212,-244,-22,126
4706,16808,-692,192,-254,4,113
4709,16848,-728,36,-237,-30,113
4712,16804,-656,132,-232,-2,120
4715,16908,-632,176,-251,-29,137
4718,16912,-636,60,-247,-27,119
4721,16920,-556,240,-227,-18,108
4724,16904,-728,152,-269,-8,112
4727,16904,-596,68,-238,-43,123
4730,16796,-700,72,-241,-8,92
4732,16876,-696,188,-215,30,102
4736,16920,-688,104,-233,-14,142
4739,16864,-708,148,-236,-14,96
4742,16884,-672,192,-219,6,107
4745,16844,-680,120,-244,-1,122
4748,16920,-652,32,-226,-41,105
4751,16904,-584,212,-215,4,127
4754,16964,-744,116,-255,3,110
4757,16932,-756,192,-231,-15,88
4760,16908,-584,160,-244,-12,109
4763,16880,-612,136,-221,4,112
4765,16916,-684,24,-227,-18,123
4768,16840,-652,28,-234,12,100
4771,16812,-652,144,-242,-23,90
4774,16824,-620,88,-219,8,129
4777,16884,-684,160,-230,11,112
4781,16840,-612,120,-213,0,114
4784,16860,-636,88,-214,-62,124
4787,16948,-688,116,-270,23,110
4790,16852,-632,120,-218,9,102
4793,16800,-704,116,-258,-14,98
4796,16840,-616,140,-237,-5,104
4798,16928,-724,196,-249,-13,103
4801,16852,-552,120,-234,-10,110
4804,16860,-608,68,-216,-35,98
4807,16896,-752,88,-211,3,95
4810,16792,-728,296,-257,11,137
4813,16928,-696,96,-231,-42,113
4816,16920,-544,68,-248,10,125
4819,16896,-696,124,-231,18,103
4823,16988,-676,80,-242,-16,123
4826,16812,-748,168,-225,-31,105
4829,16956,-656,112,-234,-13,88
4831,16992,-656,116,-215,10,126
4834,16944,-640,232,-237,-11,96
4837,16912,-728,108,-243,-42,92
4840,16848,-644,44,-217,-9,133
4843,16952,-668,184,-248,-11,97
4846,16948,-704,120,-244,-20,99
4849,16904,-616,120,-231,2,129
4852,16920,-640,92,-226,-13,98
4855,16964,-676,96,-239,2,108
4858,16872,-712,92,-221,-22,103
4860,17032,-748,132,-228,-16,125
4864,16944,-584,176,-266,-15,111
4867,16852,-692,252,-267,-3,100
4870,16768,-688,76,-233,-19,119
4873,16856,-640,252,-258,5,116
4876,16920,-580,212,-215,12,110
4879,16856,-692,112,-247,8,85
4882,16804,-632,4,-240,-19,113
4885,16856,-652,104,-225,3,115
4888,16896,-660,212,-246,41,108
4891,16812,-664,156,-250,-32,122
4894,16940,-712,104,-234,-32,88
4896,16884,-684,168,-239,17,109
4899,17044,-692,168,-226,-2,104
4902,16852,-648,116,-241,-8,104
4905,16956,-680,136,-220,-24,93
4909,16884,-604,120,-241,12,104
4912,16880,-712,172,-225,-34,110
4915,16780,-688,88,-240,-34,86
4918,16900,-604,224,-240,-24,119
4921,16940,-692,76,-229,29,109
4924,16900,-732,92,-232,-6,99
4927,16792,-712,196,-229,-36,125
4930,16848,-640,156,-239,9,104
4932,16840,-592,112,-253,-23,117
4935,16892,-652,220,-229,7,121
4938,16968,-708,132,-242,-42,113
4941,16896,-548,240,-251,0,135
4944,17044,-632,80,-249,34,74
4947,16860,-596,148,-225,-12,120
4951,16892,-624,92,-244,-10,113
4954,16848,-704,40,-235,-19,92
4957,16848,-556,92,-243,18,108
4960,17008,-588,136,-240,-35,127
4963,16852,-684,176,-231,-8,72
4966,16940,-668,148,-238,-16,118
4968,16900,-568,136,-247,-39,108
4971,16888,-752,128,-260,18,77
4974,16928,-784,144,-217,1,102
4977,16936,-644,180,-264,11,131
4980,16880,-632,160,-229,-9,117
4983,16888,-704,72,-231,-18,108
4986,16884,-680,64,-253,25,85
4989,16888,-672,40,-239,-21,123
4993,16956,-684,76,-239,-13,83
4996,16912,-708,116,-227,-12,122
4999,16828,-644,180,-216,-17,131
5002,16928,-640,96,-255,-9,103
5004,16884,-608,112,-244,-10,123
