,time,accX,accY,accZ,gyrX,gyrY,gyrZ,roll,pitch,yaw
3663,2,1588,13540,6140,-145,380,-147,2.3936629532513405,-0.22493493259064828,2.9317930374884535
3664,5,1392,13420,6000,-145,259,-149,1.8560121064915795,0.7998678196090813,2.8989125315067006
3665,8,1108,13528,5884,-185,323,-76,-1.1457081163881042,1.1696988119455063,-0.9612634139002119
3666,11,1156,13564,5904,-221,229,-61,-1.8204363025632635,0.3721852500957215,-1.1504723334861193
3667,20,1176,13464,5840,-296,102,48,-2.8483017243645716,0.014500694904827983,-1.2746091573098937
3668,23,1136,13532,5932,-342,79,99,2.2197719343371363,-0.20853812547261225,-1.6153495567772642
3669,27,1120,13508,5908,-362,77,138,0.9466065894105279,0.03234183527582542,-2.04822041958929
3670,30,1172,13460,6120,-370,107,191,-0.3659941231075671,0.6844629860293431,-1.893121229484916
3671,34,1184,13464,6060,-371,150,223,-2.146881685541721,0.4424450079707307,-0.9704479023240895
3672,37,1400,13436,6040,-400,151,241,2.8132872022571047,-0.36422551277475496,-1.1525162437275887
3673,40,1392,13384,6144,-377,195,268,1.2487022833388435,-0.1854150895151804,-2.1393741080011557
3674,43,1316,13452,6108,-377,198,276,-0.02925208600247967,0.7968207289038521,-2.1250626061899545
3675,46,1408,13520,6132,-372,187,284,-2.238104995899658,0.6208057996081147,-0.7937789900671567
3676,49,1416,13436,6268,-370,200,309,2.8248276864588955,-0.4010563796237053,-1.0770984161906172
3677,53,1468,13468,6316,-355,160,319,1.15544796446004,-0.3456434456039493,-2.202873885782461
3678,56,1572,13480,6108,-310,153,280,0.08040442465971052,0.6294537999015162,-2.3132209911535675
3679,59,1624,13384,6240,-305,149,312,-2.0575669014613447,0.8109789878772578,-0.86531839310897
3680,62,1740,13484,6148,-290,155,273,-3.107432103914472,-0.17005426140716745,-0.8240439175576612
3681,65,1452,13508,6104,-323,149,259,1.7152078253416678,-0.5111959278563099,-1.7383285866095752
3682,75,1504,13520,6088,-317,136,242,0.5240066637201298,0.21451197967186775,-2.2251986521626765
3683,78,1384,13484,6168,-318,90,257,-0.8969963655860688,0.9683865139797737,-1.7223601467493996
3684,81,1272,13392,6132,-305,69,272,-2.737970713823923,0.4938828750049915,-0.6663557075452535
3685,85,1236,13456,6188,-316,13,306,2.4403253872490325,-0.4337572879449415,-0.8399586969870226
3686,88,1380,13456,5972,-324,-14,313,0.7694587389216289,-0.5172796503693584,-1.9224837739255851
3687,91,1488,13516,6096,-316,-33,309,-0.3599967074334323,0.39690424082426123,-2.2041043583012248
3688,94,1388,13460,6352,-317,-116,320,-2.336695879701013,1.045122811023733,-1.035184036686563
3689,97,1384,13492,6032,-288,-110,335,2.6002263477249197,0.04199316290006098,-0.506820443218533
3690,101,1316,13580,6076,-302,-123,348,1.1935655303879342,-0.7003078378753168,-1.4151434250697563
3691,104,1396,13556,6124,-291,-127,358,-0.14839931751656182,0.10208423288005132,-2.3064972932579293
3692,107,1584,13568,5956,-308,-121,359,-1.7357035225002584,1.0828928415056505,-1.5403643447284856
3693,111,1516,13456,6180,-300,-146,352,2.694702378209341,0.24108357099239128,-0.43458157111385876
3694,115,1628,13460,6232,-293,-92,352,1.499050236923594,-0.5812638818663749,-1.210823164360831
3695,118,1676,13408,6212,-256,-24,346,0.31052441249176355,0.08114403096772181,-2.1267964644635096
3696,121,1532,13412,6188,-250,-71,331,-0.5075108015880296,1.1492999871457852,-2.267091314239964
3697,124,1584,13428,6140,-260,-30,315,3.038035060583313,0.782965131553237,-0.3039841340720232
3698,147,1656,13560,6012,-383,-366,368,1.7430156680245945,-0.5814743570551633,-0.26395757990697366
3699,150,1560,13392,5972,-412,-304,362,-0.3288110206571936,-0.3302676798996248,-1.65720259486487
3700,154,1812,13476,5976,-425,-236,324,-1.8044290740089806,0.6684106041916849,-1.2115813976119054
3701,158,1720,13456,6096,-407,-192,283,2.729208152771634,0.15685527501562635,-0.2982721120918582
3702,161,1796,13444,6164,-393,-175,268,1.2846388218053593,-0.6423141129902505,-0.7868312593622243
3703,164,1784,13376,6180,-375,6,263,-0.12205497024747805,0.035001566618351465,-1.2135998047353267
3704,167,1620,13480,6096,-368,80,232,-1.5079373019966995,0.3498864120134636,-0.526562701704165
3705,171,1508,13492,6060,-395,-67,253,-2.9683193772621324,0.02989921164153044,0.1903229559786128
3706,174,1412,13464,5892,-389,-65,241,1.944706764344082,-0.6917112236151638,0.0014395917889418685
3707,177,1480,13508,5980,-437,-41,277,0.08210658526005135,-0.3539836485190311,-0.8366567812480793
3708,180,1492,13456,6040,-450,-76,271,-1.3618231059251478,0.3789904178157555,-0.5629618807536693
3709,183,1540,13512,6192,-477,-120,266,-3.0997231594580597,0.18307629602472045,0.2376067942278839
3710,187,1652,13436,6144,-429,-70,264,1.7238077171251944,-0.5306074165440162,-0.08397587420959465
3711,190,1612,13532,6340,-412,-18,260,0.14177246334244584,-0.10645784616324223,-0.7507615971617765
3712,193,1540,13344,6368,-421,24,244,-1.3132409690393874,0.44941484984439856,-0.30218632141586654
3713,203,1500,13440,6036,-390,122,272,-2.6872039336768654,-0.22288428589909481,0.2634424369340412
3714,206,1412,13524,6024,-389,103,279,1.896745959978862,-0.8897734669761371,-0.42434262860106553
3715,209,1412,13444,6140,-418,56,285,0.09805111472652153,-0.2839966006736682,-1.1344846414273992
3716,213,1440,13428,6176,-369,47,292,-1.1864820967919802,0.3988701893360109,-0.576576433340356
3717,216,1512,13320,6012,-394,-26,315,-2.738981897348834,0.10015143752690667,0.31738349993379716
3718,219,1552,13456,5976,-385,-79,319,2.249130528195022,-0.8499144093446706,0.31521308285627186
3719,222,1316,13400,6080,-401,-143,328,-0.19136652520226596,-0.6810192369197676,-1.1367053783832308
3720,226,1404,13528,6052,-455,-234,330,-1.5906940161833936,0.3508699461239132,-0.8582375136580878
3721,229,1520,13424,6024,-439,-352,371,2.910149554178927,0.11898442620522329,0.465367731848944
3722,232,1640,13396,6216,-414,-318,346,1.3405234159697488,-1.0921515602780543,0.10813447706789114
3723,235,1696,13380,6316,-373,-288,360,-0.8269032657554066,-0.18925707300112427,-1.1538633205051763
3724,240,1700,13328,6384,-357,-263,333,-2.2808557859837975,0.6288468973606716,-0.23045500417074075
3725,243,1828,13464,6356,-315,-198,297,2.6940286804346365,-0.1646431225798349,0.5381780239899288
3726,246,1776,13460,6312,-317,-146,290,1.1205924463438197,-0.9248153775257223,-0.2555459214531623
3727,255,1708,13464,6108,-285,-103,278,-0.33688437007304795,-0.197606118781484,-0.9962710110689459
3728,258,1712,13436,6120,-274,-19,269,-1.3952301392802282,0.4287109324445293,-0.38150829481560233
3729,261,1608,13452,6384,-280,-46,284,-2.6716459349281294,0.13397707877067733,0.5299029611169093
3730,265,1600,13536,6260,-242,-14,264,2.7517613345128638,-0.7392768992035939,0.6127752178567716
3731,268,1520,13364,6208,-231,49,261,0.9198321831118222,-0.8253565071895792,-0.6806294145496855
3732,271,1540,13480,6180,-211,11,237,-0.026613830069190384,-0.07241431319638415,-1.0201746120657573
3733,274,1396,13384,6036,-226,13,280,-1.041722166907799,0.720873410595654,-0.4953023075288531
3734,277,1452,13428,6120,-212,-16,310,-2.6017261879176936,0.4815055435881201,0.7466083965573459
3735,282,1472,13380,5976,-213,-72,300,2.8887529317027045,-0.4761099722615072,1.1097931575591158
3736,285,1228,13532,6064,-213,-119,325,0.660589486291407,-1.3030251488424591,-0.48978507667186644
3737,288,1328,13424,6000,-249,-159,377,-0.6974590771645478,-0.10629388322689057,-1.0652970313433738
3738,291,1372,13484,6144,-234,-186,393,-1.9991884386159178,0.8022860512947849,0.009139724642236783
3739,295,1076,13440,6056,-223,-212,426,2.9783634261438228,-0.14250747043582424,1.1959467858926969
3740,298,1016,13396,6152,-262,-354,487,-1.0515532563479906,-1.3784410199623343,-1.8935668337403007
3741,301,912,13464,6136,-261,-423,554,-1.2744423394610533,0.31240363527105025,-0.9878815094329935
3742,310,840,13480,6096,-281,-879,801,2.729104874960705,0.2544785641017304,1.4301017900694102
3743,313,924,13368,6136,-267,-998,877,-1.240512081672552,-1.0705828458125368,-1.6426487565952035
3744,316,776,13384,5936,-265,-1092,971,-2.0961326612664,1.0198819322968822,-0.13928095273631227
3745,320,976,13436,6220,-268,-1160,1038,2.629848045921991,-0.7807811078168325,1.8741157161954534
3746,324,1200,13300,6144,-291,-1283,1118,-1.2453471209582596,0.12266527112910823,-1.1595411984987865
3747,327,1488,13404,6000,-292,-1303,1154,2.735146536100595,0.27138938029979215,1.4580386563156826
3748,331,1528,13456,6076,-325,-1285,1165,-1.1744931406133983,-0.9324489652028662,-1.5378205655160333
3749,334,1732,13420,6152,-309,-1311,1159,-2.5696005466369716,1.056923798182724,0.35153543617572375
3750,337,2224,13356,6344,-290,-1141,1134,2.704515403483522,-1.069214891634284,1.9290102076846463
3751,341,2532,13364,6512,-235,-1011,1048,-1.145784174433525,0.33395767704105667,-1.1424534012859746
3752,344,2740,13352,6596,-187,-772,936,2.888097626920444,0.2729738795344497,1.4049910954934015
3753,347,2828,13380,6652,-114,-418,827,-0.6680505550417237,-1.2994972644364609,-1.7188895957059742
3754,350,2720,13400,6500,-40,-219,717,-0.5139115582201288,0.6075153153301173,-1.2044892130240963
3755,354,2680,13464,6444,-33,28,631,-2.5583536987192463,0.5635832526421025,1.1960731899500463
3756,357,2736,13332,6344,8,273,531,-2.3910277562209026,-1.148161795535241,1.5016461498260782
3757,365,2264,13484,5864,-16,482,283,1.1427120113633793,-0.3097524982399612,-1.303167161038492
3758,370,2028,13524,5768,-51,407,231,0.9209273598746149,1.16886956654941,-1.2657008384697628
3759,373,1936,13500,5704,-105,407,178,-1.988355580021646,0.5197418746539652,1.3720247064867537
3760,376,1988,13460,5568,-197,399,151,-2.786175677813047,-0.7041612861984019,0.8253393039817197
3761,379,1892,13468,5688,-217,421,129,1.7677969496207813,-0.3371204342769502,-0.7279803413920946
3762,382,1696,13544,5756,-294,309,100,0.7167783128865464,0.6704511746982049,-0.7104577912317587
3763,386,1768,13428,5764,-344,177,112,-1.122453617862162,0.9195595583813642,0.17896788881399855
3764,389,1732,13412,5688,-376,114,106,-2.5787000924018866,0.48640549940694744,0.4630934309809799
3765,392,1696,13496,5796,-416,13,101,2.3609272707434243,0.18729288020587634,0.38715783211586885
3766,395,1624,13476,5688,-483,-74,97,0.8638183635857137,-0.033800934313867013,0.12156116344900962
3767,398,1424,13572,5692,-516,-235,146,-0.6220222460476398,0.28692157323039236,-0.5425811099180772
3768,402,1476,13568,5916,-562,-353,189,-2.8254078622850805,1.1121134667430033,0.20589815903708475
3769,405,1508,13496,5912,-610,-439,223,1.3970851990086035,0.06044008618200743,0.6869335782931665
3770,408,1596,13476,5988,-619,-456,203,-0.3642705478360568,-0.05831674659766101,-0.4217486134588233
3771,412,1736,13452,6060,-643,-414,217,-2.288528879323809,0.954403251569291,-0.1631550992176356
3772,421,1908,13440,6284,-554,-290,224,1.9022336166671263,0.23760936181322836,0.5487368450439051
3773,425,1732,13440,6128,-557,-251,188,0.28651713373335325,-0.12022081685657023,-0.15808235440383328
3774,428,1488,13528,6192,-555,-265,215,-1.2603754989126115,0.6693361210039099,-0.4956040919843093
3775,431,1232,13384,6240,-523,-315,276,2.569760333425682,0.5883015825619536,0.8253295548877478
3776,434,1404,13408,6328,-535,-395,309,0.9760803714362131,-0.5033994014013579,0.3187372418526062
3777,438,1616,13368,6252,-466,-430,326,-0.689329703120826,0.22472102743676972,-0.8315627872090012
3778,441,1816,13364,6360,-463,-461,309,2.9249180158989523,1.1376836175194274,0.7110397873365221
3779,444,1892,13424,6400,-402,-401,289,1.5536656676170224,-0.162504556912574,0.7710975640467566
3780,447,1924,13364,6416,-373,-366,287,-0.0491525408442384,-0.2905076733794464,-0.5327761996869038
3781,452,1768,13456,6272,-342,-389,293,-1.0024060764600935,0.9742131292910675,-1.0524211969710897
3782,455,1716,13432,6156,-346,-453,280,1.9179041797479655,0.6251852892672948,1.3556968435581604
3783,458,1764,13404,6244,-333,-438,302,0.8515634713122858,-0.478173038413779,0.37977670271987807
3784,461,1744,13428,6140,-304,-492,321,-0.44896284093170447,0.2260604911560035,-1.0589745687262542
3785,465,1764,13376,6164,-302,-527,325,1.4535466925695122,1.30020187448127,2.2214902649656296
3786,468,1480,13400,6176,-284,-524,321,1.3596963635517405,-0.1525707072245039,1.020092016950271
3787,477,1760,13456,6100,-261,-516,388,-0.01111500406276299,-0.21810843357955725,-0.7096710180567544
3788,480,1644,13432,5988,-241,-526,416,0.07776659909329846,1.1229644154625933,-2.216865694441432
3789,483,1696,13420,6096,-258,-580,403,1.4688440504876012,0.16917701396548032,1.492771463607825
3790,486,1604,13416,5948,-279,-662,425,0.12459107623689158,-0.42638157240320756,-0.33074956614555157
3791,490,1492,13488,5944,-283,-725,438,-0.1902056650344253,0.9684548861667702,-1.9282424778810556
3792,493,1476,13420,6040,-296,-737,498,1.4897105562315682,0.18498845172737388,1.4572635226042276
3793,497,1716,13500,6056,-311,-750,484,0.06415950167497578,-0.40859706051228545,-0.46266934513487534
3794,500,1820,13420,6072,-367,-836,523,-0.09497786732911878,1.1534511748204315,-2.1893618826284627
3795,504,1648,13412,5988,-363,-921,525,1.33392646595325,-0.10654780674789935,1.2495538521337577
3796,507,1496,13412,5852,-408,-1063,544,-0.3912289466427902,-0.0976172522362589,-0.9105866659438331
3797,510,1416,13408,5944,-422,-1347,562,1.113235886055796,0.9438292225196393,2.354027708196577
3798,514,1524,13608,5876,-436,-1589,610,0.39965836346627065,-0.6527653932931253,0.2448885469341515
3799,517,1956,13508,6252,-443,-1691,586,-0.444927635768328,0.8811531569041982,-1.9173184543485828
3800,520,3972,14532,6932,-228,-1407,96,0.8200701479206539,-0.21329335791483747,1.6545372401744403
3801,529,2232,16352,5616,151,-361,-2816,2.60987651146539,0.0001688573553203146,-1.7927828024545707
3802,532,-3472,16064,4548,-231,-1785,-2486,1.7759707839940067,-0.002968321601007358,0.9868683457415
3803,536,-1552,14056,2344,-257,-1395,-2667,2.2950560158835906,-0.24822987276402125,-2.436991338757327
3804,540,-1716,13328,2208,-384,-1922,-2763,2.1102903802845345,0.049963053913638714,0.3824380915741
3805,544,2612,12652,5224,-527,-2196,-2803,2.305967072246476,-0.3704340391542099,-3.0165552696232303
3806,547,-2948,11860,4732,-804,-3021,-2390,2.6658328009995698,-0.07943579266322595,-0.05783550687238605
3807,550,1112,13648,7236,-750,-3362,-2070,2.4853238729883285,-0.2724050721945743,2.797206235171932
3808,554,2072,11176,4440,-665,-2311,-2476,2.1948279324935926,-0.06835600920880491,-0.6926967340467554
3809,557,3908,12284,6624,-756,-2554,-2445,2.5256964883744795,-0.39313441632070245,2.2383288043392615
3810,560,2788,12656,7660,-683,-3225,-2363,2.5503208960431225,0.05207418896469358,-1.155950549774798
3811,564,4356,13548,6436,-447,-2502,-3007,1.9398409481920607,-0.19164529876504122,1.6690642930237054
3812,567,5268,14184,6808,-491,-2608,-3300,2.5471309781126172,-0.10151241263358521,-1.6324188593052291
3813,571,5568,15772,7448,-384,-2689,-3658,1.877496481139356,0.015717690294132954,1.2426210002614384
3814,574,760,14832,7308,-444,-3633,-3369,2.8973599965301626,-0.2714194420641573,-1.991382237185918
3815,598,3260,14064,7328,-227,-4793,-3520,2.1697222533005673,0.26135911890270896,0.9563524689821008
3816,601,1612,13148,6248,-346,-5086,-3329,2.913278617682676,-0.4282313028855093,-2.306870335988251
3817,604,1344,12652,5292,-432,-5128,-3371,2.288648903135946,0.34569156239423954,0.617973793765179
3818,608,3576,13216,7604,-257,-4795,-3482,2.6732223936125923,-0.46388681059125086,-2.688837592572111
3819,611,688,13324,5392,-435,-5352,-3555,2.5094337339762474,0.34242016603467024,0.2692682100695535
3820,615,1520,13856,5528,-460,-5655,-3442,2.615547241243015,-0.4894326337115516,-3.031831390558627
3821,618,2172,14448,5768,-384,-5681,-3566,2.616782053786574,0.3753712570876524,-0.05735083868263997
3822,621,-528,13556,6420,-182,-6228,-3514,2.5783229137442314,-0.4237647236240068,2.928603170407558
3823,626,3328,13896,5604,-271,-6072,-3929,2.613112194387306,0.34683783091422943,-0.36369690098072066
3824,629,568,13000,5312,-149,-5536,-4004,2.3599249805074245,-0.3715087652283851,2.614029962874759
3825,632,-2788,13264,4472,-345,-6009,-3694,2.857927219397143,0.2415417840452088,-0.6492446272844067
3826,636,3528,14592,5552,-326,-5934,-4082,2.1762832126797904,-0.2797008412101568,2.3231540604548346
3827,639,2940,14404,6364,-427,-6318,-4210,2.948472108901649,0.12538226905110467,-0.9021616073935957
3828,648,5564,13772,7520,-453,-6621,-4359,2.1449182170477528,-0.1803519046689177,2.074696244692177
3829,652,-428,15084,5304,-760,-7259,-4123,3.107196189714705,-0.03666669671189766,-1.091046718897915
3830,655,900,13644,3820,-722,-6580,-4639,1.9468772709877116,-0.04390498728121726,1.8470324102198092
3831,658,80,15140,6656,-669,-7020,-4594,-3.105976060718292,-0.1558402285186236,-1.3018935921194352
3832,662,2052,14252,5412,-744,-7325,-4471,2.03215856342709,0.07452818557852714,1.6452567037869763
3833,666,2712,13968,4620,-661,-7020,-4936,3.020157804340382,-0.26596842454906156,-1.5283139201666491
3834,669,3128,12240,6848,-315,-6590,-5178,1.9694804950686786,0.2620187510055961,1.4653434010031163
3835,673,3532,14920,7132,-320,-6478,-5574,2.867830685482504,-0.38124228369426105,-1.7551450586483972
3836,676,-2848,14228,4324,-665,-7367,-4876,2.2974882137921777,0.2693935628786441,1.225342864541653
3837,680,2952,14400,5980,-499,-6874,-5045,2.6862492494061234,-0.4072370420605479,-2.0164326026777797
3838,683,2828,12976,5308,-656,-6802,-4799,2.4178799740062464,0.26775343321058276,0.9746585191157132
3839,686,4892,12872,7128,-586,-6955,-4616,2.6559772377479263,-0.42151168403817657,-2.277727991812814
3840,690,4036,14080,6968,-635,-6944,-4585,2.5086212474493124,0.2787371583684366,0.7222159506184422
3841,693,2848,14468,5936,-611,-6567,-4737,2.4775634244017564,-0.4276047068394815,-2.5556154434771328
3842,702,3264,14308,6864,-378,-6111,-4436,2.600147631922049,0.3197295331546209,0.4479912980242049
3843,705,2352,12604,6632,-287,-6138,-4325,2.403155158269254,-0.38262304603623454,-2.845325871065128
3844,710,-784,12060,5164,-470,-6324,-4064,2.772874241392547,0.23529460226682222,0.18064299287269361
3845,713,2544,12572,5580,-499,-6104,-4327,2.228682542955761,-0.3272759262746484,-3.1344724307250873
3846,716,1984,13108,4452,-630,-6089,-4577,2.7848687190943373,0.13232712327570856,-0.07819129101061882
3847,720,4040,13032,5012,-597,-5332,-5003,1.956091043130832,-0.2257627045492834,2.8674904422395255
3848,723,1236,13128,5548,-755,-5606,-4908,2.8922022572028343,-0.015515202797105993,-0.3049293016891313
3849,726,3864,15052,7496,-572,-5520,-5187,1.8788719055574017,-0.051309055484049335,2.6461646169026274
3850,730,892,12792,4316,-699,-5043,-5539,2.7371110693649543,-0.17397777438516313,-0.541481953257316
3851,733,656,11892,6412,-520,-5138,-5374,1.9548419636745809,0.09685308952738188,2.4188092402395447
3852,737,6756,14424,8516,-340,-4805,-5645,2.580503982528791,-0.22618123827247932,-0.8265873010029403
3853,740,4052,14016,7204,-270,-4171,-5570,1.8822658234732104,0.20326031711100748,2.147126933587885
3854,743,1444,12984,7304,-276,-4543,-5230,2.660836985102656,-0.33264430620565794,-1.1041107676291748
3855,753,2088,13152,6520,-327,-3726,-4312,1.9719017502352851,0.28494748060662667,1.820662503531096
3856,756,3736,12124,7576,-245,-3267,-4342,2.4002359500192942,-0.41284280022792325,-1.4950556369744736
3857,760,3400,12560,6948,-273,-2928,-4368,2.006473970623979,0.34889084594462416,1.4205523570884317
3858,763,2504,11804,6992,-149,-2654,-4270,2.167143686049225,-0.42439088423213395,-1.9335399532548885
3859,767,2912,12772,7936,-51,-2344,-3932,2.1474329919116397,0.40435107355949795,0.9652490559461152
3860,770,832,14104,7520,-124,-2639,-3495,2.180102851925716,-0.4651083814078887,-2.4310611357817287
3861,773,-2016,12192,6368,-220,-2489,-2749,2.533541218390913,0.30037931945997975,0.44318796913415515
3862,777,2620,12096,7640,-51,-2547,-2512,2.109492889872496,-0.2685720514739383,-2.993311957637575
3863,780,-872,12648,6384,-237,-2522,-1808,2.9611326240824725,-0.004164119910302742,-0.08716193718661248
3864,783,1292,10104,5764,-27,-1718,-1888,1.6950658849905296,0.22232227046629702,2.72226263480128
3865,787,-2700,10976,6936,-326,-2236,-705,-2.2636722387743546,-0.7214722010050143,-0.3301849680836404
3866,790,3684,11556,10012,-182,-2211,-150,2.6131143697301855,0.8986949493098194,2.1554225044258875
3867,794,2268,11820,8192,-285,-1761,205,2.719912414864199,-1.3154030719480168,-2.252757518610058
3868,798,4408,13120,9172,28,-690,167,-1.490513912671414,0.17210011740236797,-0.027122316809427845
3869,807,692,13748,6208,451,-328,-221,0.1980144557555638,0.23428307290479067,-1.1021446638860715
3870,810,-132,13776,5736,413,-706,-104,0.8468933625118513,-1.013194501184844,-2.446787767282214
3871,813,136,13608,5520,329,-1084,78,-0.8095136737110133,0.006007708442824912,0.8845523109878923
3872,816,992,13680,5384,248,-1218,106,0.8431368226312146,0.3298750655697606,-1.439812979042316
3873,819,1228,13480,5540,180,-1262,127,-0.22110844137643285,-0.9754809760701685,2.349295829189034
3874,823,1324,13476,6060,151,-1197,130,-0.42080184863277653,0.6128482586156302,0.33390760781767004
3875,826,1232,13380,6492,196,-1177,149,1.0791479956912868,-0.2656743320798936,-1.9182452849596572
3876,829,1764,13472,6304,232,-996,141,-0.7379426191715673,-0.7279357222399641,1.457620319313925
3877,832,1848,13472,6316,340,-821,64,-0.01441070844815958,0.36080096353626134,-0.18819543240664333
3878,837,1768,13336,6204,355,-675,71,1.0776184324062237,-0.4877694166832598,-1.6601978438861722
3879,840,1620,13460,5996,375,-563,28,-1.108145998983627,-1.189396508272679,1.2346829529012642
3880,843,1776,13552,5688,344,-477,-64,-0.7566190191211618,-0.08860497237868492,0.10508575611255801
3881,846,1644,13596,5772,336,-636,-87,0.36123024202849247,0.040923295033928365,-1.5104520557339602
3882,849,1792,13604,5924,317,-726,-123,0.1001848067489277,-1.0646310455645165,2.8559023817522915
3883,853,1940,13572,6068,301,-749,-185,-0.9613797895668847,-0.13349226688056137,0.38932313451938894
3884,861,2152,13492,6452,464,-456,-459,-0.16631807433861115,-0.5688725182460205,-1.1899032660591788
3885,865,2184,13500,6560,522,-409,-534,-1.6556132235247651,-1.0834167592869282,1.9970481847627828
3886,868,1976,13444,6516,600,-290,-617,-1.3584666944093993,-0.28523807748898156,0.18908664748638104
3887,871,1848,13656,6780,693,-287,-708,-0.5304646448167613,-0.7648409365410473,-1.4916147251821767
3888,874,1752,13472,6360,737,-394,-761,-1.6550658857545628,-0.8496739312227208,1.7135682420001983
3889,879,1360,13500,6224,781,-248,-743,-1.1443425382410373,-0.5109415889747794,-0.2013541589110322
3890,882,1036,13568,5812,782,-99,-715,-1.252707718680112,-1.2013892824599588,-2.475358121084677
3891,885,476,13716,5452,732,90,-600,-2.261019656836096,-0.7388003623085572,0.8458068161202725
3892,888,-104,13696,5028,620,169,-437,-1.6180693126766164,-0.7391744779511291,-0.6543886294429092
3893,892,-388,13804,4812,461,107,-231,-1.0664487607445285,-1.23726629945876,-1.6974943097309916
3894,895,-428,13836,4568,277,-101,-41,-0.7820648143273159,-1.0366422070491563,-2.471061766260114
3895,898,-440,13740,4600,50,-277,191,-0.7299658234330156,0.10449306396261701,-2.730564146561528
3896,901,-404,13840,4644,-95,-416,410,2.6705862193793206,1.3177937012327738,-0.09594966585271268
3897,904,-428,13736,4800,-250,-509,604,1.9171585953328687,-0.5686847395175335,-0.3528548418582769
3898,908,24,13736,4992,-393,-584,809,-0.3531279662379206,-0.016373809024596484,-2.444715437188381
3899,916,560,13696,5440,-657,-712,1112,2.772811787712129,0.7758301147717511,-0.2457508903980761
3900,920,992,13648,5636,-723,-708,1197,0.773730785103393,-0.8492105070316593,-1.596634050805799
3901,924,1440,13652,5704,-772,-599,1213,-1.1159910645003714,1.0528757777647428,-2.071477475035848
3902,927,1540,13660,5724,-788,-508,1187,2.2873142209519366,-0.3382649992062576,-0.4593385008537601
3903,931,1640,13684,5852,-820,-504,1164,-0.20736785617890122,-0.012265294518327292,-2.3194717699061123
3904,934,1776,13576,5624,-852,-475,1124,3.117183373252624,0.7164997776072296,-0.48834799191981054
3905,937,1944,13724,5928,-896,-423,1078,1.0200055610526033,-0.7027615908021411,-1.4907650232091683
3906,940,2000,13720,5876,-930,-348,974,-1.0917247048232506,0.7936810039227259,-1.9162814419359797
3907,944,2284,13668,5896,-942,-172,883,2.5849877952481854,-0.14767217674444472,-0.759123243649622
3908,947,2604,13620,5988,-976,5,752,0.3210461638977176,0.021999220097194492,-1.9482785068253181
3909,950,2744,13512,6196,-932,286,628,-2.066057940505852,0.36716116607646815,-0.8200702152111518
3910,953,3208,13672,6196,-951,727,451,2.0341603446538037,-0.4051467531360166,-1.9450876350581578
3911,957,3220,13612,6140,-940,1240,262,-0.6812445227083292,1.1193957213101553,-0.8578228501340227
3912,960,2784,13744,5940,-962,1474,84,-2.79167119530442,-0.7463059423174659,-1.0363258226984113
3913,970,2660,13880,5232,-1214,2339,-349,1.5602229462336477,1.0611909495599767,-2.4220530461327976
3914,973,2836,13876,5504,-1302,2429,-469,-2.0306777345636617,-0.3886787778516211,-0.42808105308974803
3915,976,2816,13764,5628,-1420,2695,-690,2.0091470453423415,0.5053966105670127,-2.4623887910829114
3916,980,3036,13600,4912,-1591,2817,-945,-1.5823171347600793,0.05652120189132222,-0.21443493623770224
3917,983,7104,14340,4052,-2345,4058,-1875,2.3940787444092773,0.1593560183918169,-2.391409843137761
3918,986,5656,13596,4700,-2807,4628,-2728,-1.267631009735542,0.285727074561606,-0.12777704078807164
3919,990,5264,13688,4092,-3444,5276,-3456,2.607738808482616,-0.045229341120981995,-2.2723835101241225
3920,993,6296,12932,2972,-4863,6482,-4456,-1.0779899381996738,0.5006175476521812,-0.20040401402151375
3921,996,1320,14148,6652,-4905,7505,-4191,2.5898171966186996,-0.313336770008749,-2.2131286982572878
3922,1000,-4480,15360,8184,-4657,7084,-3076,-1.0743986386548754,0.772257107166356,-0.2712471523959525
3923,1003,-6636,16332,7432,-4734,5416,-1210,2.6716137406162175,-0.38049830991622735,-1.6804650958152951
3924,1008,-4380,16924,5348,-5315,4085,155,-0.42331451002958387,0.8468222382549115,-1.1783369271809359
3925,1011,-1828,16672,3952,-6243,2939,726,2.91499659275734,-0.05103603363484672,-1.256578912103508
3926,1014,448,16192,4656,-6965,2358,851,-0.03523074948190235,0.623664267245537,-1.4070179290589224
3927,1037,-1640,11880,6452,-7916,2327,2860,3.0183485951959117,-0.0010418986942417779,-0.7551294114517656
3928,1041,-1896,11620,7012,-8008,2301,3537,0.2428245813650589,0.5110266892758174,-1.6177570151325178
3929,1044,-1716,11116,7656,-8043,2497,4196,-3.0957926996066893,0.049622133922718276,-0.5747421859199502
3930,1047,-1408,11016,7864,-7990,2627,4909,0.46576379071488,0.37489433771858294,-1.7825770668551864
3931,1052,-900,10640,8212,-7865,2885,5606,-2.957875081209206,0.13082268632482222,-0.3991245400292316
3932,1055,-664,10452,8352,-7628,3011,6142,0.6326316224748253,0.2170791618759989,-1.8843663969060054
3933,1059,48,10132,8140,-7320,3549,6559,-2.8007444849083063,0.19765497460686063,-0.25247246011095603
3934,1062,752,9928,8240,-6926,4233,6763,0.8498743401341796,0.1134260873144669,-1.9883079675002864
3935,1065,1144,9856,7900,-6354,4703,6699,-2.6436291020871048,0.2768191894468514,-0.12473003883320209
3936,1068,1684,10524,7380,-5846,5037,6480,1.0338974284197344,-0.0194655732268564,-2.03260735474373
3937,1072,1992,11572,6928,-5485,5210,6051,-2.4738708364418396,0.39450736918171647,-0.07574883137951681
3938,1075,1676,12608,6980,-5228,4907,5668,1.168952590388407,-0.17671248582602034,-1.9526219248562153
3939,1079,1592,13096,7392,-5038,4167,5310,-2.359977643762352,0.626424465967138,-0.158506080970188
3940,1082,1844,13148,7996,-4846,3589,4974,1.3196858147544155,-0.3431952042909625,-1.7671056177265896
3941,1092,3432,12440,8200,-4473,3873,3628,-1.9032384386785879,0.6321905180511787,-0.2435828922437323
3942,1095,3088,12252,8216,-4376,4186,3125,1.667030945916124,-0.4416531642064046,-1.6991572894781213
3943,1099,2432,12120,8308,-4237,4175,2725,-1.5578123036420708,0.7796722250265292,-0.35790216754797605
3944,1102,1736,11576,8596,-3977,4067,2460,1.9964611337171065,-0.5964446631837541,-1.5338028198042337
3945,1106,1608,11188,8836,-3551,4005,2238,-1.1812694528051264,1.0023435644865597,-0.5116141028883846
3946,1109,1976,10692,8756,-3052,4246,2058,2.4029374557728858,-0.8527642497142686,-1.3530944037718384
3947,1112,2284,10760,8604,-2616,4637,1800,-0.5830256941413215,1.2745261654284796,-0.8305157679878687
3948,1116,2072,11276,8720,-2233,4739,1531,3.0288313776521743,-1.0046807040496706,-0.8955635922732349
3949,1119,1824,11360,8668,-1875,4662,1380,0.759977712922574,1.2402932295500277,-2.0285862974346096
3950,1122,1604,11608,8684,-1651,4665,1301,-2.58443999649636,-0.8963082363673602,-0.28150014432082593
3951,1126,1616,11756,8788,-1425,4680,1234,1.2604871815468432,0.9017440316722205,-2.4227979160071516
3952,1129,1740,11916,8912,-1203,4840,1244,-2.1900433065299523,-0.62141838727287,0.11615386428521611
3953,1132,1816,11768,9088,-920,5013,1300,1.4319798111464537,0.5139077753635493,-2.5658414767123374
3954,1142,1596,11448,8664,-189,5143,1344,-1.9632767716573594,-0.3151912506890646,0.5257084284759197
3955,1146,1112,11472,8432,14,5058,1355,1.4353242558955706,0.1219108577904976,-2.5958530969158713
3956,1149,784,11628,8276,212,4787,1408,-2.0041344880540053,0.06707934985313568,0.6596629882757492
3957,1152,592,11776,8004,356,4361,1482,1.323965793373943,-0.3009439721176985,-2.6164456188480827
3958,1156,640,11832,8072,459,4056,1629,-2.1920867449154886,0.49082459125192085,0.7934599435261452
3959,1159,688,11820,7864,630,3877,1698,1.1708407995232948,-0.7628865197197939,-2.676276523982429
3960,1162,600,12136,7608,789,3727,1746,-2.530240956824727,0.8989910949978274,1.108095640705017
3961,1165,604,12608,7324,767,3461,1743,0.9559991931577579,-1.2404736099236737,-2.747402751769533
3962,1169,996,12884,7080,709,3364,1660,2.884301758514627,1.2515179922346265,1.9740023437646461
3963,1172,1124,13256,6776,603,3224,1548,-1.9406562869890478,-1.3531525110129892,0.7052176219306927
3964,1175,1024,13444,6592,431,2940,1425,1.5377626245852396,0.9937989686802701,-2.968155471651867
3965,1179,848,13668,6636,256,2542,1312,-2.179851038568766,-0.7013617746594083,0.581124899152823
3966,1183,812,13804,6692,104,2204,1190,1.2070470143763645,0.29279996325528973,-2.59649615486098
3967,1186,720,13784,6704,-7,1901,1160,-2.2970220360439546,0.1514313170365353,0.6199124882541001
3968,1189,752,13712,6760,-97,1743,1071,1.2744453805605256,-0.6104729124967995,-2.3134340341181034
3969,1198,1148,13404,6408,-404,1668,786,-1.5459814811323394,1.0994396101475463,0.06043516862623366
3970,1201,1076,13516,6356,-595,1629,692,2.984988259569437,-1.1286573566554061,-0.7570747610024932
3971,1204,772,13440,6360,-770,1413,683,0.5989406177119124,0.7443127448194613,-1.9123949729827183
3972,1208,668,13304,6676,-877,1246,665,-2.259667682541143,-0.18618717979698798,-0.06977656328357051
3973,1211,772,13024,6756,-924,1181,749,1.2140990588787408,-0.3049807699769903,-2.0000446766009
3974,1214,848,12628,7164,-887,1128,787,-1.5176427745457663,0.8107118781139091,-0.3230698571764479
3975,1218,1128,12408,7228,-809,1250,821,2.548568496461215,-1.0893164145971492,-1.1212614972865516
3976,1222,1352,12452,7288,-727,1453,806,0.5290569667426024,0.971167053570192,-1.9518534164726464
3977,1225,1448,12400,7224,-677,1669,692,-2.1606924270909724,-0.557612085394755,0.0557848304706399
3978,1228,1260,12316,7336,-557,1798,597,1.2857943659613282,0.1188980223276659,-2.420755942990547
3979,1232,1284,12300,7384,-460,1970,540,-1.7652545352371805,0.3509719312017572,0.26623414944212026
3980,1235,1432,12448,7544,-331,2136,429,1.5927550785033002,-0.779709485977376,-2.4706663891116305
3981,1238,1532,12428,7572,-174,2146,327,-1.689673660068159,1.253191779373515,0.43658288696437886
3982,1242,1768,12732,7332,-53,2300,250,-2.0656287126463746,-1.4452501538987084,0.047139642466473515
3983,1250,1864,12864,7496,467,2613,52,2.237032933048114,0.9315888138609805,2.96868401778269
3984,1254,1516,12936,7156,573,2436,-64,-1.5693211905259925,-0.6788500459242801,0.6512321801914781
3985,1257,1384,13024,7376,657,2254,-199,1.9548486472959996,0.13647513073348336,-2.990886524639996
3986,1260,1388,12832,7308,697,2172,-340,-1.6546307755055296,0.165536226006848,0.8391232151055493
3987,1264,1412,12868,7496,791,2172,-462,1.7709679190689034,-0.7136212176234884,-2.966388072590092
3988,1268,1448,12760,7452,829,2183,-579,-2.1432524653595353,0.8702534230080465,1.3542178125899726
3989,1271,1324,12576,7408,831,2059,-658,0.29136895946576247,-1.3940530198499108,1.9864262181719279
3990,1274,1016,12568,7420,810,2084,-664,2.735172723255205,0.8882005233624236,2.6772467288517094
3991,1278,800,12508,7480,828,1974,-649,-1.1341782397792992,-0.6910745266634241,0.8031276210799637
3992,1281,632,12576,7456,907,1867,-591,2.1319231801851046,0.11871600284563229,3.0586001550565984
3993,1284,652,12492,7128,977,1849,-502,-1.5903294322331325,0.09855873983799267,0.9411491519763228
3994,1287,624,12364,7428,1040,1911,-416,1.6052111205851292,-0.646729554967513,3.070497297908072
3995,1291,724,12604,7340,1097,1884,-416,-2.2716731391068214,0.7458024827814135,1.4546815786538465
3996,1294,964,12724,7264,1133,1995,-472,0.33423271641878083,-1.2530381891318458,2.1049257788291555
3997,1303,904,12540,7240,1400,2125,-741,2.9875231740276544,0.6957216136243122,2.529474228935906
3998,1307,976,12612,7252,1562,2059,-867,-0.817390201985699,-0.7260156803459532,1.1848194518275488
3999,1310,968,12644,7204,1651,2120,-948,2.3909612740211124,0.21617765090061264,2.9549529700490282
4000,1314,776,12584,7376,1753,2051,-1091,-1.1655056850600825,-0.09635944790724743,1.1612239700061282
4001,1317,668,12708,7264,1852,2043,-1171,2.003317892920052,-0.353146401062541,2.984909019289458
4002,1320,660,12688,7304,1984,2010,-1188,-1.617935501953334,0.37508726704679535,1.4108342046813538
4003,1324,796,12464,7440,2165,1996,-1219,1.4024098645883283,-0.7779452256765658,2.662960591472771
4004,1327,824,12300,7480,2389,1936,-1272,-2.2615455671008093,0.5766610997062948,1.9108007783276757
4005,1330,1068,12160,7852,2653,1912,-1281,0.5236853379894941,-0.82750300146392,2.056666155188146
4006,1334,1304,12316,7672,2857,2103,-1296,-2.930109306053279,0.5659062364837456,2.297256772116704
4007,1337,1452,12348,7560,2973,2377,-1341,-0.21899410623865775,-0.767084892367168,1.6176556127572361
4008,1341,1560,12496,7428,3048,2666,-1442,2.803047782659792,0.460870097082077,2.654366091361688
4009,1344,560,13904,6908,2962,2608,-1276,-0.7254710547587004,-0.5174373949296048,1.4176632887619758
4010,1348,-2252,17088,6000,2248,1746,-442,2.198179886341573,0.1899177568875187,2.5844656209889916
4011,1357,1984,14684,5980,1333,-3,-578,-1.5064958993556232,0.9207923088924114,2.288946919943438
4012,1360,852,13428,6324,1191,-182,-708,1.0724305781384633,-0.01505898507877437,1.789608673128558
4013,1364,324,13092,6564,1151,-607,-726,-2.8588293970587886,-0.044656305129714934,3.0786808405423685
4014,1367,548,12840,6684,1074,-497,-703,-0.1821539522418426,0.709222752991001,1.9777898763462425
4015,1370,924,12760,6336,1036,-183,-707,1.880567809655666,-0.25788303231366716,2.602570248950268
4016,1374,1132,12888,6356,957,157,-733,-2.2194222605260427,0.9498073061956728,2.552657511727463
4017,1377,1408,13188,6428,858,482,-837,0.10308473433403595,-0.44258891524449145,1.8031868107161084
4018,1380,1328,13324,6144,754,638,-927,2.3610477381349564,0.18835286714343075,-2.764420644949319
4019,1383,1008,13240,6268,605,961,-959,-0.9272987060955281,0.47251792080832733,1.2275520278402445
4020,1387,504,13256,6696,531,1243,-952,1.5300450658702633,-0.8792101434719477,-2.9573556479296554
4021,1391,524,13092,6772,476,1216,-957,-3.1174716630252703,1.4122687919104044,3.117450897400038
4022,1394,896,13172,6644,499,1450,-962,-0.43630083228532646,-0.8106257775285727,1.5971134177437494
4023,1397,912,13616,7408,649,1729,-936,2.0572932405799453,0.5165031728052722,-2.5072147801551172
4024,1401,608,14232,7572,1142,1978,-811,-1.0002199761838777,-0.0010868539135435121,1.6081103804555446
4025,1404,-16,14052,6480,1371,1514,-727,1.69519581492172,-0.2306494278845953,-2.9631346643894307
4026,1413,-1060,14920,7872,2258,-389,163,-1.785662877642137,-0.386327539704186,-2.6215076247586553
4027,1416,-700,13504,5664,2392,-760,434,0.8934055122332137,0.18444359838256688,-3.0096902386984965
4028,1419,-1264,13300,6204,2517,-1482,737,-2.4977606496750475,-0.9198905005502017,-2.6568083664933626
4029,1423,-416,13904,6748,2246,-2082,803,0.18236169804973434,0.6170374891095847,-2.72039180270388
4030,1426,1716,12632,5988,2193,-1997,667,2.797905284409295,-0.8044129488713794,3.0180585306450998
4031,1429,-296,13836,7660,2377,-1869,873,-0.41923455264700327,0.258984575990649,-2.2403270966421465
4032,1434,-704,15480,9276,2610,-1957,1140,2.2516819248109687,-0.3661719489335158,2.753841885571118
4033,1437,-708,14160,7520,2503,-2687,1298,-0.963449505873008,0.08250847693538191,-1.8245504672656339
4034,1441,-1064,14368,7272,2850,-3424,1715,1.9464572453712317,0.010169396543895473,2.6100324654114964
4035,1444,-808,14948,7504,3056,-3587,1937,-1.1728857116612985,-0.27709895643365307,-1.8233948435418923
4036,1447,816,14272,7260,3415,-4468,2102,1.6587006942870306,0.2677067465560616,2.592954896003785
4037,1451,1132,15244,8560,3543,-5152,2084,-1.4106886196405588,-0.504054590466783,-1.774167719820301
4038,1454,-208,14016,7040,3943,-5366,2629,1.5306956892717327,0.5454962634053184,2.7563725892444486
4039,1478,-1984,12968,7832,5313,-8567,4542,-1.4211242755822662,-0.774219226694455,-1.670460467267799
4040,1481,-484,14140,7380,5572,-9184,4904,1.3976314546390014,0.6885680192194584,2.846325229237201
4041,1485,-4,13580,5012,5294,-10092,4923,-1.4953317171388762,-0.9237671625995787,-1.5907560871610087
4042,1488,352,13828,6972,5496,-10414,5233,1.2541454695006646,0.8066441028408456,2.983734765102302
4043,1491,1128,12532,5620,4978,-9926,4723,-1.6457414296531538,-1.0562999866746439,-1.6458059228682473
4044,1495,-668,14132,7780,5372,-10456,5561,1.0964949631382614,0.924539519214586,-3.0843954802010045
4045,1498,-512,13388,6924,5619,-12122,6191,-1.763769000152799,-1.1971313125433667,-1.6804623419235905
4046,1502,-844,13348,6680,5663,-12660,6549,0.9104974794918644,1.0129846547342678,-2.910234341898957
4047,1505,1376,12664,5136,5757,-13712,6775,-1.9906080612481285,-1.3002052561191317,-1.8363655882493077
4048,1508,-3396,14044,7148,6431,-13803,7708,0.7010211432723067,1.0095653408435987,-2.6132137657271546
4049,1512,3280,12096,3992,5736,-13670,7091,-2.328029931111275,-1.3972085937515266,-2.081616094863073
4050,1515,-1160,13520,7872,5751,-13302,7143,0.4786335387937559,1.0078448021073745,-2.373393365407688
4051,1520,560,13016,5868,5814,-14420,7278,-3.0619368817230517,-1.4328710276725873,-2.735487926374351
4052,1529,2056,11776,5064,5575,-14306,7644,0.27172151191413557,1.0233341375964142,-2.1279470372007774
4053,1532,3088,12992,6516,5386,-13628,7238,2.707102824367435,-1.3529472429356078,3.0711112291408544
4054,1536,2728,12636,5256,5130,-13807,7015,0.016202880725341526,1.0179478073474204,-1.9138853271515366
4055,1539,0,12852,6548,5531,-13761,7408,2.573506462210371,-1.2203606417685169,2.92991392101903
4056,1542,4920,13168,3976,5331,-13910,7111,-0.21584961115781517,0.9796180834539193,-1.731503291440555
4057,1546,3640,13488,5400,5045,-12589,6937,2.4780440080513197,-1.0865260590566947,2.8111939430151054
4058,1549,3096,14796,4916,5137,-13204,6875,-0.4165105920979781,0.9072209467271476,-1.589367335420845
4059,1553,1076,13732,5408,5333,-13314,7248,2.405598371545323,-0.9589211813390321,2.737434312721198
4060,1556,6016,13440,4544,5056,-12652,6769,-0.5485573927363768,0.8081125886820212,-1.489446592270571
4061,1559,-596,12196,5976,5201,-12734,7128,2.3517214552743924,-0.825852735443961,2.6820101602616213
4062,1564,8216,13004,3652,4269,-10533,6004,-0.6477325627013828,0.6841765456787311,-1.3948421806262856
4063,1567,2200,12200,5800,4235,-10014,5883,2.3056672666850475,-0.6643670656717692,2.6606603052785567
4064,1571,3056,13188,6612,4238,-9697,5819,-0.7165898492461378,0.5252455272410225,-1.3469698831045296
4065,1574,4372,13264,5876,4269,-9549,5776,2.2431006553142816,-0.5031410730372278,2.6455705983323647
4066,1583,6848,12976,2912,3352,-7467,4691,-0.7817129511240101,0.3412117490081345,-1.2862601906286422
4067,1586,3480,14136,6264,3707,-7700,4875,2.183995674957491,-0.30073558775094983,2.6780056802696386
4068,1590,5448,12664,2200,3456,-7734,4606,-0.9240827470369875,0.17413183347452107,-1.2159239666826862
4069,1593,4412,13080,5264,3388,-6286,4251,2.2104584985858704,-0.0427750263389301,2.7697007493576185
4070,1596,4888,14164,4732,3427,-6383,4237,-1.0382418253908365,-0.04228774775380575,-1.2174887591003887
4071,1600,9484,13064,1356,2615,-5900,3417,2.0105803753875566,0.15642766925280674,2.6648150837282163
4072,1604,1508,13408,5616,2884,-5414,3568,-1.0704026042452774,-0.34130844582005654,-1.3345628036378443
4073,1607,2652,12888,5304,2840,-5349,3463,1.861675216794262,0.40858950083329776,2.7232978109169044
4074,1611,6044,12324,4696,2434,-4449,2946,-1.218680322138864,-0.6344555993370502,-1.4050693904733371
4075,1614,3612,13084,4948,2711,-5308,3231,1.6215058913397935,0.6681160971938471,2.807185395271191
4076,1618,5552,12668,4804,2356,-4174,2744,-1.4633835805209685,-0.9300327222575493,-1.6343615983489208
4077,1621,2112,13016,7488,2479,-3452,2654,1.1747026350776035,0.8494660458336278,-2.9286750786676192
4078,1624,3424,13136,6056,2480,-3473,2818,-2.126990425697913,-1.1915513975044054,-2.203995527028553
4079,1633,940,14184,7768,2578,-2946,2587,0.5749223955318263,0.765813218609917,-2.330107291230581
4080,1637,4600,12876,2924,2414,-3031,2701,2.964978353286537,-1.1623621126076615,3.042743339690278
4081,1640,7728,13256,2684,1817,-2424,1959,-0.04934835313655908,0.6122926703313555,-1.870213597707382
4082,1643,2860,13516,3980,1722,-2014,1952,2.519309311761898,-0.6100242188153604,2.709105715609749
4083,1648,-1228,12356,6580,1880,-2792,2238,-0.632207346401175,0.32123246618233453,-1.5201410616929323
4084,1651,-404,12864,7660,1823,-1733,2210,2.5922117875479174,0.09087332096867819,2.750973546702503
4085,1654,5572,13932,5072,1616,-1549,2067,-0.9490154310734791,-0.23034723200476614,-1.5620910144334157
4086,1658,2484,13964,7192,1470,-1174,1929,2.286882201892427,0.7648313785061367,2.865581336435524
4087,1661,7420,13984,2540,1140,-1180,1608,-1.6986987124112511,-0.762590624096336,-1.9275967247117962
4088,1665,-1968,13084,9144,1846,-2143,2320,1.2439967395445597,1.1727053471001452,-2.822456275327728
4089,1668,7796,14048,2976,1313,-1918,1855,-2.6690116646640876,-0.9940018286806566,-2.663178731330334
4090,1671,12532,14096,224,-309,501,124,1.3701879404981627,-0.21954323195901035,1.984282715922255
4091,1675,2020,13652,6316,-87,54,299,1.0973313525070099,0.3439414101238673,1.06762522917118
4092,1678,2820,13556,6096,141,-603,444,1.0566379215789463,-0.7821932872385815,-0.6488098876786643
4093,1687,3936,13812,4720,114,-1070,449,-0.48470383582353327,0.057854777059902975,2.9932772690357
4094,1691,4152,13760,4764,142,-1306,466,1.0849102421028576,0.31411867187376274,0.4883963887470116
4095,1694,4844,13692,4896,198,-1328,407,-0.16926233444766023,-0.9612379391947058,-2.1519560165652973
4096,1697,4936,13696,4916,219,-1323,348,-0.11552308473399601,0.639825687735389,2.041782572599744
4097,1701,5396,13660,4516,230,-1221,220,1.046713209912713,-0.49160752469352487,-0.09669502757250277
4098,1704,5480,13816,4668,248,-1060,126,-0.8094427362320348,-0.4732427380327264,-3.0595458859309277
4099,1707,5116,13820,4668,271,-843,8,0.1329632173270838,0.4505987672323379,1.4483505848373948
4100,1711,4900,13912,4584,279,-688,-24,0.9105762699591525,-0.6702348626859629,0.02440407579519541
4101,1714,4648,14020,4404,241,-555,-48,-1.0427880853505003,-0.905900069516095,-2.8983212276118238
4102,1717,4420,13908,4168,187,-474,-32,-0.7455564083057801,0.2560820691087613,2.4061858920162353
4103,1720,4204,13948,3912,106,-430,-20,0.34702638594831003,0.5251123652133467,0.9092682793938149
4104,1724,4212,13972,4064,30,-438,22,0.701249238720162,-0.22092166689486972,-0.3457854082120331
4105,1727,4376,13848,3856,-45,-368,45,-0.0347788072456679,-0.535333310069937,-1.6704165990072068
4106,1730,4660,13856,3916,-115,-237,45,-0.716711969162826,-0.05465682029967043,-2.428395986094447
4107,1740,4564,13896,4136,-294,107,-19,-1.7505575271403637,-0.4166958871888704,-2.369791689308831
4108,1743,4528,13876,4192,-326,209,-23,2.9944442399277107,-0.7560175800276665,-3.0741114082008796
4109,1746,4500,13896,4140,-384,293,-33,1.5106052369986875,-0.01171958476996229,2.7179227846892435
4110,1750,4272,13852,4388,-400,298,-17,-0.019549827330581585,0.5604674862079779,-2.8811794773778714
4111,1753,4224,13920,4300,-425,327,-10,-1.556646192307562,-0.13240586727542933,-2.2531349665686005
4112,1756,4084,13868,4472,-400,307,11,3.063351686291466,-0.7870892846680986,-2.9437068081497366
4113,1759,4128,13916,4356,-438,243,57,1.3144459786673335,-0.2994692414629677,2.7211885701037795
4114,1762,4036,13892,4276,-467,179,81,-0.14880251813487566,0.17231556650782592,3.014312814325551
4115,1766,4256,13964,4380,-481,167,117,-1.7076365362408485,-0.008666439504786653,-2.7297532423357675
4116,1769,4472,13932,4452,-498,185,113,2.9589672814831816,-0.5543363399899076,-2.9666005810630645
4117,1772,4612,13848,4632,-485,229,85,1.2549648468370505,-0.12353686121313982,2.7702484970956487
4118,1776,4452,13840,4984,-451,268,76,-0.2838212015442748,0.4276613099270277,-2.951312606389269
4119,1780,4592,13780,5000,-400,318,63,-1.6775821873041108,-0.2525149784565359,-2.305203805205999
4120,1783,4268,13764,4832,-380,331,62,2.7764554510614525,-0.9547819891673008,3.103074075555138
4121,1786,4196,13840,4748,-329,335,60,1.259536175084672,-0.08845283744533725,2.431901372650437
4122,1795,4244,13824,4576,-356,173,170,0.005135696390887085,0.6469800428516113,2.5528621115789427
4123,1798,4396,13768,4640,-366,193,169,-1.7736353659486075,0.5087630459092319,-2.8063602164168184
4124,1801,4300,13892,4848,-317,238,197,-2.886138227076676,-0.43905909881131705,-2.8688634061910583
4125,1805,4368,13776,4960,-250,221,199,1.8509362190363745,-0.6729709371677036,2.293066773091696
4126,1808,4248,13868,4972,-228,206,190,0.8738785924850065,0.14176680390512933,1.8111637177560487
4127,1811,4160,13924,4924,-180,151,204,0.106683439386059,1.013191371556282,1.957434955714356
4128,1814,4056,13828,4920,-129,108,241,-2.3726639448821296,1.0459319835008796,-2.207878531966987
4129,1819,4080,13816,4784,-99,36,277,-2.986037272575404,0.10204203174610411,-1.8398722094432771
4130,1822,4036,13768,4720,-62,-2,299,3.085374009063181,-0.9449638517349522,-1.7796407009038577
4131,1825,4116,13832,4576,-79,-48,341,-0.21507393040463527,-1.0197482072561426,1.484194867809454
4132,1828,4020,13824,4716,-72,-124,378,-0.4778147087106492,0.29578813179489055,1.5225792396168245
4133,1831,4132,13752,4456,-49,-155,429,-2.7198740549149956,1.2842785329516593,-2.5293565351160354
4134,1835,4164,13804,4536,-34,-237,455,2.813157189152099,-0.18911217928021426,-1.6698377698125417
4135,1838,4356,13872,4424,-51,-201,459,-0.4238023782989912,-1.407132424352962,1.5619722258944706
4136,1841,4692,13708,4532,-45,-138,436,-0.42790673922113887,0.047325823449178475,1.7663288721738515
4137,1850,4212,13864,4020,-65,-71,423,-1.5630468371052542,1.1633779222166114,2.991451308774549
4138,1853,4048,13916,3784,-211,-234,413,2.646189737269141,0.1881442641796024,-1.6616142013409674
4139,1857,4204,13856,3916,-274,-273,460,1.0874696399214867,-1.0464218214611865,-2.7115806562083673
4140,1861,4368,13932,4148,-367,-274,453,-0.7279113382310936,0.11611048980136225,2.576883010838846
4141,1864,4580,13856,4380,-381,-290,436,-2.7679405850317487,0.7929768719067541,-2.2944655263051437
4142,1867,4792,13872,4836,-374,-208,396,2.2026576687717325,-0.41384377757343727,-2.058577802778741
4143,1871,4740,13788,4964,-338,-148,340,0.3736055524044345,-0.5768503415483923,2.9796754690227045
4144,1874,4712,13876,5012,-268,-89,306,-0.6093919653932026,0.42167793801824627,2.8203777178134426
4145,1877,4756,13836,4680,-258,-11,266,-2.100713204088185,0.6662787491757719,-2.4669914069830243
4146,1881,4604,13788,4552,-241,23,211,-3.095894975170605,0.010021075348101625,-2.1550777631355333
4147,1884,4704,13772,4376,-248,81,202,2.1497228566534416,-0.4792449375218165,-2.7158571734095815
4148,1887,4812,13840,4380,-266,121,142,1.0469992926602738,-0.07664679289773986,3.0645717276398345
4149,1890,4920,13824,4476,-268,201,74,-0.01858965781814648,0.4760088388482493,-2.753807636905966
4150,1893,4708,13812,4488,-243,239,38,-1.1502672910840317,0.12146340420707419,-1.9851048247861958
4151,1897,4392,13808,4384,-226,196,30,-1.960311746712939,-0.5537357386844988,-1.8745556812193687
4152,1920,4312,13872,5124,-314,-209,313,-2.302198291680711,-0.5132895263964167,-0.5484924389149072
4153,1924,4440,13832,5012,-256,-232,333,-2.2472576066095846,-0.6661028889882982,0.984220036490744
4154,1927,4504,13748,4844,-199,-180,324,-1.8889339281053994,-0.65140007506915,2.560883002990351
4155,1930,4640,13732,4956,-132,-146,278,-1.744142033410074,-0.35771979701010337,-2.510195290575649
4156,1934,4640,13796,4748,-94,-150,272,-1.8720933974792986,-0.04368747993483259,-1.4581940536910463
4157,1937,4412,13792,4832,-90,-78,272,-2.095124575941501,-0.18863052600061203,-0.4651367569657997
4158,1940,4316,13892,4396,-83,-102,270,-2.099109665080632,-0.3736867925103011,0.5818372543182199
4159,1943,4248,13916,4300,-106,-168,312,-1.9915539059177731,-0.3468165990222362,1.87154608818005
4160,1948,4196,13848,4240,-167,-232,313,-2.2196368689219264,-0.19608296143672774,-3.106144153813085
4161,1951,4320,13868,4388,-147,-300,323,-2.432195457323867,-0.20741515669256916,-1.687625689347029
4162,1954,4356,13836,4412,-187,-349,314,-2.5971060121635903,-0.39212020285378973,-0.19402765713131542
4163,1958,4608,13816,4576,-204,-393,326,-2.4203890511977324,-0.5159027146925481,1.5199338796062527
4164,1961,4684,13984,4456,-199,-364,306,-2.3132316557486687,-0.37406228406098274,3.141427066297874
4165,1964,4700,13964,4712,-205,-335,245,-2.5658166163041134,-0.265111371116047,-1.7718361356579988
4166,1973,4752,13796,4676,-165,-286,148,-2.8362096598297435,-0.30557951307455855,-0.6434340283264619
4167,1976,4752,13720,4428,-141,-200,120,-2.9799484099609432,-0.5738949916008472,0.2325814148412877
4168,1980,4624,13660,4188,-187,-199,67,-3.089559876887616,-0.7487087346358436,1.1560496502957602
4169,1983,4780,13840,4232,-222,-153,30,2.9653852564315173,-0.8999316401725334,1.9446325093861516
4170,1986,4844,13808,4288,-238,-124,-2,2.7206318689597135,-1.0353177299622662,2.690174524180524
4171,1990,4628,13836,4408,-259,-27,-34,2.039258052867984,-1.0170681994048099,2.98194697108764
4172,1994,4664,13880,4524,-236,1,-54,1.470520724689651,-0.9787112790742699,-2.951893535193107
4173,1997,4684,13840,4612,-276,35,-87,0.9609519138623595,-0.9696706010856962,-2.3739198249449336
4174,2000,4408,13980,4540,-256,75,-106,0.7427343656830279,-1.0196749244103385,-1.5374939521164699
4175,2003,4360,13864,4492,-275,123,-78,0.5507748554564643,-0.9754676491215523,-0.6059376976597991
4176,2007,4256,13884,4464,-284,112,-50,0.18878157195535286,-0.9996458351106472,0.15501552357178774
4177,2010,4280,13908,4428,-276,148,-27,0.06112200059848104,-1.0307920318400905,1.1397755456764833
4178,2013,4280,13864,4416,-313,142,-20,-0.13194475501785052,-1.1227403372077374,2.14821132017066
4179,2016,4412,13900,4096,-323,195,11,0.11979457595418654,-1.0801585359703685,-2.6401914678945753
4180,2020,4364,13828,4144,-329,143,-2,-0.10786628961365624,-1.0847351465259543,-1.617587486863199
4181,2028,4348,13848,4380,-426,28,23,-1.2938007350519383,-1.0892492502137068,-1.383957606462218
4182,2033,4620,13864,4644,-442,15,20,-2.640753471673995,-1.1513114347009463,-1.3026951234208966
4183,2036,4424,13840,4680,-416,-4,11,2.290113263118526,-1.1843929368659767,-1.2866882925076641
4184,2039,4420,13880,4856,-381,52,12,0.9218041956266851,-1.021918237344762,-1.3805679133486308
4185,2042,4384,13796,4948,-342,45,4,-0.06576352145937493,-0.9494840898584124,-1.1462131079516258
4186,2045,4316,13912,4776,-290,1,37,-1.010382293785509,-0.8481902287347045,-1.0415991941383513
4187,2048,4144,13932,4712,-284,14,49,-1.8225062119726045,-0.8701318892058777,-0.7827718133221913
4188,2052,4212,13900,4852,-276,-57,75,-2.4405938735432207,-0.8394876184205622,-0.29457316293693303
4189,2055,4236,13856,4660,-250,-96,115,-2.6786581338109086,-1.000117983382378,0.5329246846227103
4190,2058,4232,13828,4716,-224,-129,109,-2.4293554202932195,-1.0813187219960725,1.7453902082747144
4191,2061,4284,13832,4740,-187,-148,135,-1.9616676746924409,-0.9023326011115855,3.0833693356088214
4192,2065,4380,13740,4740,-172,-209,138,-2.0085209267385773,-0.3880045605226024,-2.2747368623023125
4193,2068,4532,13784,4760,-138,-209,129,-2.3552498272262055,-0.02118633944113601,-1.468936868721585
4194,2071,4544,13712,4672,-99,-202,122,-2.7411944668987114,0.027170621076922037,-0.6213312473286342
4195,2076,4500,13788,4688,-111,-236,107,-3.1006319282312855,-0.17278763686261484,0.28057382415492005
4196,2084,4444,13996,4424,-113,-236,114,3.116686398124301,-0.6032746369556327,1.1862129496210123
4197,2088,4392,13960,4416,-130,-268,133,-2.6046876059583752,-0.8733196131030633,2.6128198588365756
4198,2091,4332,13964,4320,-168,-230,125,-2.2787941312137896,-0.6575789949453177,-2.390922706920132
4199,2094,4492,13908,4392,-184,-269,132,-2.4264611831559177,-0.2852883304467555,-1.3183649276529346
4200,2098,4624,13868,4288,-206,-235,118,-2.9169404660733917,-0.27769294385559207,-0.39005516559533987
4201,2101,4844,13868,4524,-212,-178,82,2.8721422242646,-0.588558350571681,0.2835971874238143
4202,2104,4804,13868,4472,-190,-117,21,2.4622876229882134,-0.8555601037770965,0.7378206543215776
4203,2107,4676,13820,4508,-206,-74,-6,1.9402124175345739,-1.0630736112110646,1.037871310788666
4204,2111,4628,13868,4392,-198,-11,-72,1.6651214081086287,-1.045475712729823,1.5647602473567837
4205,2114,4568,13800,4484,-195,43,-85,1.404290234653557,-0.8986906691214865,2.1187253649212385
4206,2118,4604,13860,4460,-242,55,-94,0.9756163940373003,-0.841013267909428,2.705497225357498
4207,2121,4328,13852,4352,-242,37,-116,0.6252041159899426,-1.0396370988329167,-2.9257756530526495
4208,2125,4292,13884,4392,-241,38,-90,0.3603132564406328,-1.2669555351436326,-2.2563026997733107
4209,2128,4232,13948,4416,-230,-4,-84,-1.8342836725398803,-1.5380944096360465,2.677221275179382
4210,2137,4552,13932,4280,-244,21,-76,2.52420310859657,-1.2810357096604343,1.6436092676509944
4211,2140,4528,13840,4392,-280,28,-87,1.925937206272141,-1.0248815334082493,2.075583457278928
4212,2143,4436,13688,4380,-290,38,-77,1.265158872172913,-0.8893150955800946,2.5208528833546713
4213,2146,4408,13816,4152,-329,-35,-91,0.3510641583789281,-1.180052229333937,2.785772287836184
4214,2149,4480,13900,4460,-319,5,-107,-1.672822694994218,-1.5011838540388112,1.8698316337748406
4215,2153,4320,13792,4576,-323,-16,-90,2.883978798047226,-1.2162293321419002,1.2674661092870632
4216,2156,4312,13804,4580,-321,-56,-71,2.394774750937751,-1.0974468426091881,1.9558764359794252
4217,2160,4312,13884,4720,-300,-68,-68,2.0214155214089082,-1.1529320395098128,2.7054944900715667
4218,2163,4420,13912,4688,-278,-40,-44,1.4940052594947106,-1.264355839325338,-3.081497113444862
4219,2167,4224,13764,4564,-268,-67,-33,0.05716216436034772,-1.5151314882195268,2.7281121581491448
4220,2170,4148,13896,4652,-235,-47,-19,-2.086489081977762,-1.3834915954756077,1.4443975949620522
4221,2173,4256,13872,4408,-233,-104,6,-2.279994119291781,-1.078994278201886,2.139931922185665
4222,2176,4168,13876,4516,-248,-74,22,-2.7481462990519674,-0.9893959586852347,2.647172034815994
4223,2180,4088,13800,4524,-242,-111,55,-2.8920706222546637,-1.0579210997121826,-2.7897936649966986
4224,2183,4308,13888,4352,-261,-119,81,-2.734185338462493,-1.2118827915548227,-1.6084911038662748
4225,2192,4416,13724,4516,-235,-89,122,-1.8067624471737667,-1.2688892295015652,0.23324128421693444
4226,2195,4440,13760,4656,-209,-98,122,-1.589569953812286,-0.9348762244283949,1.314891960246013
4227,2198,4492,13852,4688,-179,-66,105,-1.8009763987081857,-0.7364453236222497,1.9302539596886212
4228,2203,4356,13760,4644,-176,-70,99,-2.106737441328527,-0.6322681378467447,2.4911498545546302
4229,2206,4432,13792,4464,-164,-12,103,-2.428038398175008,-0.8484733121462965,2.931321509752421
4230,2209,4344,14008,4348,-198,-27,113,-2.6673191779865513,-1.143394644151042,-2.7746332722863736
4231,2212,4388,13804,4324,-173,-14,130,-1.498919356398494,-1.4470928683575806,-0.9355305389155891
4232,2216,4400,14000,4412,-222,-85,92,-1.3933909779648577,-1.0662996685311614,0.010377597957094496
4233,2219,4248,13960,4376,-240,-106,131,-1.7208220605534867,-0.6737479558348396,0.7060759042196743
4234,2222,4120,13784,4436,-258,-183,173,-2.219589415473538,-0.3147314618958452,1.5719689626842759
4235,2225,4464,13900,4448,-301,-171,187,-2.9089632851314113,-0.5338710255288671,2.4359556429853653
4236,2229,4512,13864,4420,-285,-123,175,2.803782234676836,-1.1534333720057088,2.994928653885001
4237,2232,4608,13896,4432,-308,-114,155,-0.7559344472662757,-1.3319252220331776,0.483238638252215
4238,2235,4652,13872,4440,-282,-119,130,-1.4101329993414193,-0.7681383235941304,0.8742421380572474
4239,2239,4716,13860,4688,-299,-105,107,-2.155517218101666,-0.49543422017895045,1.3957407457096396
4240,2248,4800,13792,4596,-246,-52,-3,-2.9842280772092487,-0.3891617176827769,1.561498754159403
4241,2252,4680,13808,4668,-236,19,-55,2.428691408685461,-0.18741401098317265,1.5496862829385358
4242,2255,4680,13808,4516,-203,20,-73,1.6905695042180566,-0.002017753192030494,1.7465969781427997
4243,2258,4504,13848,4576,-218,20,-89,0.8871895787258214,-0.022227649177805522,2.068687850308438
4244,2261,4408,13852,4536,-198,33,-79,0.17501072133437562,-0.20804193891231124,2.3167051298955803
4245,2265,4392,13864,4664,-227,17,-109,-0.6798603607531152,-0.5948511835206471,2.2759311797587087
4246,2268,4288,13828,4640,-193,59,-95,-1.6244772313287954,-0.9321924438948184,1.9645259705286984
4247,2271,4312,13916,4724,-163,94,-85,-2.933904713131397,-0.9974422945261099,1.1422975009913285
4248,2274,4096,13876,4672,-136,130,-50,2.3584751228653182,-0.672759041550493,0.5290416827241866
4249,2277,4092,13860,4580,-115,119,-6,1.807080087997014,-0.2715935344701134,0.3035857608083813
4250,2281,4032,13860,4560,-118,142,26,1.3487805008960334,0.2564297934730381,0.20025686319644154
4251,2284,3996,13812,4468,-96,113,74,1.036774034156272,0.7558623413011819,0.07788998602648031
4252,2288,3988,13864,4424,-118,42,82,0.7899321291450428,1.0732256107213904,-0.17393957514104771
4253,2291,4104,13936,4392,-120,39,119,1.5149984757408823,1.4505762102087905,-1.3809088016474533
4254,2294,4132,13920,4564,-122,-17,180,2.617881059864865,0.9226037141844614,-2.9847653546029425
4255,2303,4232,13828,4588,-132,-115,236,2.2468475035186346,0.023590810620639256,3.046545204690844
4256,2307,4284,13960,4376,-152,-124,284,1.3649573974374827,-0.6595291551666055,2.174421716710249
4257,2310,4324,13816,4432,-153,-155,295,0.1836453708074748,-0.26137380678791605,0.9754626925679515
4258,2313,4316,13880,4212,-169,-103,291,-0.3822399248753437,0.759627452341393,0.7283007769598817
4259,2317,4584,13908,4568,-174,-120,269,-3.104358499599866,1.2759557413036142,2.9084479387469275
4260,2320,4516,13900,4440,-186,-54,301,2.5780583933952843,0.25305675728935606,2.7947979969976755
4261,2323,4464,13784,4560,-196,-31,229,1.8290937270805432,-0.3198061251010087,2.2266998328676855
4262,2326,4620,13844,4512,-185,-70,229,0.818921039975284,-0.3652580941791308,1.3394855787475413
4263,2331,4560,13776,4424,-174,-137,203,0.05769730385969046,0.09603746324596271,0.6040008573162424
4264,2334,4468,13876,4456,-193,-140,171,-0.482031216872694,0.7936819020363561,0.2206458582723406
4265,2337,4664,13836,4552,-196,-165,181,2.852063069721941,1.4702113354401176,2.475831132418446
4266,2340,4600,13816,4552,-147,-190,132,1.94679523696896,0.655105631592283,2.841088933631778
4267,2344,4728,13804,4552,-153,-201,90,1.4354672643089497,-0.09825023762864817,2.605426779816078
4268,2347,4812,13824,4712,-153,-148,50,0.7219624037183185,-0.49516642225429297,2.1716768206731296
4269,2370,4440,13888,4152,-162,115,-137,0.5319753977219411,-0.66006177048405,2.9219783034479274
4270,2374,4296,13932,4212,-225,117,-116,0.24365218637782782,-0.8939644955881814,-2.608943140928104
4271,2377,4140,13888,4376,-242,46,-83,-0.40122173647399195,-1.200329034040934,-2.3316753781452912
4272,2381,4148,13984,4352,-283,41,-86,-2.4600272318370098,-1.408611800852351,2.882102517981732
4273,2384,4240,13960,4452,-287,19,-31,2.5066070249250676,-1.3071259184372457,2.575789877367517
4274,2387,4156,13888,4408,-294,54,-12,1.3894884560824619,-1.1243315331282864,2.4911758968269844
4275,2390,4252,13944,4516,-278,42,-3,0.5565892756738389,-1.0109199031367107,2.676721396070318
4276,2393,4188,13800,4452,-296,66,66,-0.2647159651048406,-0.7565940345556134,2.9722560931873967
4277,2397,4244,13948,4560,-263,86,50,-0.8844230997047623,-0.7734327635654982,-2.832732536163741
4278,2400,4044,13844,4604,-244,76,106,-1.2977530585720694,-0.8415764693373315,-2.1772485709257627
4279,2403,4132,13780,4488,-249,63,134,-1.5392505894488688,-0.9988216330225382,-1.3665299449646615
4280,2406,4180,13904,4444,-237,54,158,-1.3098650387563469,-1.1250425132452029,-0.15272315132977812
4281,2409,4112,13816,4448,-242,33,145,-1.1475599162260524,-1.0533795526932925,1.0000740935665786
4282,2413,3944,13944,4516,-273,-29,223,-1.3018752777922202,-0.6692559978009971,2.035127093952046
4283,2417,4104,13952,4516,-259,-102,250,-1.790647291367689,-0.28628277466412294,2.9488854773028845
4284,2426,4312,13828,4688,-192,-183,306,-2.22070259339276,-0.15061952410891907,-2.1484842075356254
4285,2429,4340,13884,4776,-170,-192,276,-2.521578207268241,-0.38802125122979486,-1.0138324344659382
4286,2433,4484,13784,4604,-160,-198,289,-2.3133664121055078,-0.7305356998058277,0.3392281453316308
4287,2436,4472,13948,4624,-126,-198,285,-1.7896259984743337,-0.5412426273650595,1.8333714952222135
4288,2439,4552,13892,4568,-114,-228,267,-1.899993177371198,0.014492896676692422,2.939164519116553
4289,2442,4564,13904,4576,-114,-153,249,-2.35122838574876,0.008531236724540139,-2.32109668481325
4290,2446,4508,13896,4388,-103,-164,247,-2.5719228189665264,-0.3257054777493575,-1.3298474280428534
4291,2449,4528,13972,4572,-112,-183,172,-2.5837246334159945,-0.5085217522121215,-0.36487670470092937
4292,2452,4532,13844,4448,-72,-177,185,-2.2480163350156377,-0.5932318079237499,0.7287096703211907
4293,2456,4484,13896,4464,-83,-195,165,-2.0951877621337958,-0.3264846874955166,1.7235779988856839
4294,2460,4628,13896,4556,-71,-167,138,-2.2064202365161107,-0.0796147094728417,2.502234730657496
4295,2463,4556,13980,4536,-86,-127,131,-2.479716091602677,-0.08391538668684383,-3.0959584500630757
4296,2466,4416,13924,4416,-92,-118,138,-2.699845038258857,-0.29731353063012206,-2.443656457248004
4297,2470,4468,13932,4400,-76,-102,126,-2.727826279095718,-0.5729837390585983,-1.8460704647075303
4298,2478,4556,13892,4276,-82,-114,124,-2.5439385409376736,-0.7803850842234085,-1.0767455907070114
4299,2482,4460,13860,4296,-111,-138,125,-2.257005692089286,-0.7746470166710719,-0.09847239972688725
4300,2485,4448,13920,4424,-150,-78,130,-2.2238838582689664,-0.8514976714194198,0.7137551436562699
4301,2488,4500,13836,4344,-149,-70,127,-2.1235238840397455,-0.9094519250035709,1.5622377522571869
4302,2491,4576,13792,4316,-162,-50,104,-2.1479033015968,-0.9633174609171364,2.286930012331136
4303,2495,4600,13888,4360,-199,-14,77,-2.4702864415253516,-1.120313079046621,2.773410355813106
4304,2498,4456,13900,4360,-197,36,69,2.8346264945172805,-1.3967199152404166,2.5159493330468687
4305,2502,4412,13948,4300,-220,40,119,0.3242365779283392,-1.1885942568437111,0.7773780983669909
4306,2505,4432,13876,4388,-201,17,88,-0.32119109280069597,-0.8691868645298566,0.8910487292414179
4307,2508,4564,13884,4360,-255,34,66,-0.9962469533919656,-0.7569499528826472,1.2329117212053868
4308,2512,4400,13816,4472,-249,5,97,-1.6099880618639488,-0.682191660039998,1.675999034200247
4309,2515,4336,13916,4396,-294,24,98,-2.3829064089745717,-0.8957401605339025,2.0578661326778853
4310,2518,4432,13864,4412,-310,22,116,2.8425703678687517,-1.28927400749351,2.096940356460989
4311,2521,4300,13852,4368,-299,39,103,0.6277118080024742,-1.2058899931273819,0.8859512655067338
4312,2524,4224,13860,4360,-328,-14,127,-0.5941886921422617,-0.792403849589624,0.785877433717952
4313,2545,4632,13844,4600,-237,-114,184,-1.316843981117319,-0.10838701714422075,1.0986232318810103
4314,2548,4608,13752,4632,-175,-146,148,-2.0540965186851277,0.35908427597898196,1.679918408321176
4315,2552,4524,13852,4776,-170,-106,122,-2.882113521117672,0.24803922945225443,2.2859526588187644
4316,2555,4484,13776,4664,-155,-94,119,2.8087481367448746,-0.20684707530338856,2.6126257862899767
4317,2558,4320,13932,4576,-128,-53,123,2.276409993353373,-0.6998494582225684,2.508584648741989
4318,2561,4180,13844,4656,-107,-91,151,1.1570111423658365,-1.15276806889357,1.657716175039866
4319,2565,4268,13848,4528,-107,-121,157,-0.2642499470462526,-0.7651761068410536,0.48349329860489043
4320,2568,4264,13828,4324,-111,-112,153,-0.731144488092785,-0.07276762144459668,0.3822719252472248
4321,2571,4324,13920,4296,-113,-148,177,-1.2497803851987825,0.7291145017532075,0.6300159467013793
4322,2575,4392,13928,4184,-144,-153,202,-2.8587573176203858,0.9115312822852859,1.9798483888226315
4323,2578,4284,13892,4216,-155,-191,231,2.553137321979457,0.0023204961424186546,2.548243298947275
4324,2581,4260,13896,4416,-197,-191,273,1.5016678324380512,-0.9907554408388699,1.9689839408805265
4325,2584,4288,13876,4552,-186,-196,286,-0.30421681361225,-0.45786352790423074,0.49863499202602335
4326,2589,4280,13840,4500,-170,-147,291,-0.95839132802972,0.6220205076429424,0.6674889724954
4327,2592,4364,13808,4456,-191,-174,320,-2.9300851609536984,0.8284894393357084,2.3275708967559403
4328,2601,4536,13916,4484,-186,-126,312,2.583490494260424,-0.26331009107075487,2.5588005934552838
4329,2604,4672,13860,4460,-166,-89,259,1.4325130638021963,-0.970132589700234,1.7334589912635223
4330,2607,4636,13904,4580,-132,-34,216,0.27404982325777394,-0.5119817562880516,0.8187292327046556
4331,2611,4684,13984,4472,-159,15,208,-0.3151819095773427,0.2317926859482892,0.8841510806938107
4332,2614,4584,13864,4404,-133,17,175,-1.0593572158597628,0.7030480595070666,1.390108345204592
4333,2617,4492,13840,4276,-182,-22,148,-2.2367569940454586,0.7453580457248997,2.1207412260264977
4334,2620,4460,13976,4148,-187,-31,146,-3.1350454191607686,0.315569012587787,2.5061665131271553
4335,2624,4548,13860,4184,-242,-78,140,2.266277924584561,-0.23928417460486634,2.54748434441993
4336,2628,4612,13852,4352,-240,-64,126,1.224854763134636,-0.5413843638032348,2.122629252428771
4337,2631,4592,13840,4328,-271,-72,99,0.03989896180568537,-0.4108885732053761,1.6724431805864701
4338,2634,4668,13740,4452,-253,-49,43,-0.9098660531392768,-0.19977314301317414,1.576385095015162
4339,2638,4680,13816,4436,-243,-62,29,-1.7947032674992822,0.036954338882548406,1.6314187158948137
4340,2641,4688,13932,4316,-228,-15,-21,-2.632971362550467,0.12363164050082152,1.6071230212359102
4341,2644,4660,13872,4372,-261,-13,-28,2.697478395534411,0.21936065851105738,1.6512148468357695
4342,2653,4332,13908,4508,-259,-33,-51,1.7101583301401608,0.22933976041940735,1.866094922163
4343,2656,4492,13804,4628,-274,-22,-55,0.7003177591278282,0.090847090663315,2.015209688125901
4344,2659,4516,13868,4440,-246,2,-46,-0.19976989172510254,-0.062410047581162795,2.0611603884551233
4345,2663,4316,13848,4644,-224,-10,-53,-1.0463544294283071,-0.19346971683078015,1.92153535159371
4346,2666,4300,13828,4564,-212,6,-30,-1.8568930883066626,-0.2269135859403954,1.8171947544039955
4347,2669,4172,13896,4480,-197,23,0,-2.607302439297743,-0.2948520333863346,1.7676033010851253
4348,2673,4116,13908,4484,-217,-4,27,2.8821987182153967,-0.39340296003709335,1.7989231085964514
4349,2676,4060,13900,4560,-208,-49,61,2.1144595499607317,-0.6802934665278587,1.8082095456135152
4350,2680,4080,13924,4508,-205,-68,108,0.9329557559218911,-0.9151575831791126,1.230753701256323
4351,2683,4064,13924,4476,-230,-94,122,-0.3356139305127823,-0.59070704326822,0.6240573250795742
4352,2686,4276,13860,4500,-235,-133,164,-1.1814221685340531,0.1286515068922489,0.6795418738961823
4353,2689,4292,13888,4472,-224,-133,137,-2.1975462471973968,0.5415612633583679,1.2340883387565784
4354,2693,4388,13876,4568,-209,-110,145,3.0699254203153963,0.23207669340540532,1.844149856248235
4355,2696,4524,13976,4624,-205,-65,167,2.30252443523796,-0.399269987520397,1.7917781125104193
4356,2699,4564,13908,4476,-211,-50,147,1.2239802424569384,-0.6829169246568262,1.232452580346379
4357,2708,4312,13924,4444,-198,-64,150,0.1625925676066657,-0.4072494780283789,0.6242298528002499
4358,2711,4328,13884,4444,-206,-52,122,-0.613845597695944,0.061735138221812695,0.5385538367871266
4359,2716,4344,13928,4352,-239,-100,144,-1.5871444321481707,0.5998273284903766,0.8380353572233284
4360,2719,4504,13928,4584,-236,-124,126,-2.9148783010380845,0.6625855296977275,1.5983242010459646
4361,2722,4656,13812,4448,-221,-132,119,2.4030476019384497,0.13692052781332242,1.9638266076917694
4362,2725,4752,13816,4408,-212,-108,82,1.6057624688507162,-0.3360020288987513,1.8592276105540173
4363,2729,4772,13864,4592,-210,-50,51,0.7277779514424046,-0.43027001481544014,1.5967501855778063
4364,2732,4592,13940,4488,-189,-30,32,-0.040734417954811745,-0.3542689940374378,1.4392851195968008
4365,2735,4540,13856,4504,-177,-23,16,-0.7260194352980431,-0.2644092822252738,1.3796486248848017
4366,2738,4512,13904,4496,-179,-45,-1,-1.4163824058435022,-0.11814817856792252,1.2973570556074276
4367,2742,4420,13876,4468,-161,-71,11,-2.0284969280424328,0.13713065313341177,1.3803082494192203
4368,2745,4388,13856,4496,-163,-80,12,-2.7032217606226423,0.3125025368039178,1.6321552650526436
4369,2748,4448,13872,4400,-180,-99,5,2.7850649215777348,0.3057878320218787,2.0143427893050383
4370,2751,4512,13840,4508,-162,-82,-2,2.120554161710211,0.11418266929984366,2.2581356510461474
4371,2754,4436,13856,4400,-140,-103,-2,1.594617482368771,-0.2547748307898184,2.372045759707969
4372,2764,4324,13928,4324,-162,-4,12,0.9681417156737784,-0.25674828282093054,2.3213913036029474
4373,2767,4408,13924,4404,-197,10,18,0.22912170638975,-0.18089264049958464,2.31321810125403
4374,2771,4272,13828,4376,-178,-30,46,-0.45186952249091705,0.0017526702012205754,2.2219615176003815
4375,2774,4336,13904,4304,-215,-32,49,-1.2574321701160318,0.2062644481769237,2.281408775971117
4376,2777,4412,13924,4404,-185,10,31,-1.975966517859502,0.16512260657637123,2.400483910782108
4377,2780,4460,13912,4420,-210,-14,49,-2.773881140061249,0.06988660117597893,2.5664730284047703
4378,2783,4504,13932,4352,-224,22,57,2.685625551513167,-0.13440329438303053,2.4818272035048947
4379,2787,4312,13948,4448,-226,27,54,1.8224042903964186,-0.1850278087726436,2.268040697013103
4380,2790,4204,13944,4436,-231,45,50,0.9600859506156347,0.0036952287830649216,2.119068073555737
4381,2793,4440,13924,4328,-223,62,81,0.12818526605255845,0.3653844289154571,2.1576066723139453
4382,2796,4268,13896,4252,-256,64,78,-0.9549840797079024,0.5278719849820949,2.504110983144851
4383,2800,4256,13980,4360,-262,30,116,-2.121164298865039,0.4367730016021816,2.9622528399040284
4384,2804,4336,13976,4160,-273,-8,121,3.1253661835175395,0.08507188675800753,-3.0880536272502135
4385,2807,4476,13876,4296,-299,5,103,2.062493606605925,-0.20196181501687127,3.0036288070478925
4386,2810,4448,14048,4604,-281,0,120,0.9782518390577957,-0.18194508672480184,2.590285213388442
4387,2833,4504,13876,4580,-244,-47,22,0.05042991317242047,-0.195471343368821,2.404058941262506
4388,2836,4396,13904,4544,-200,-60,19,-0.7216848826781285,-0.056718840137306374,2.220170413378706
4389,2839,4432,13844,4548,-195,-88,15,-1.4437267949341017,0.2526885629590699,2.1208351434549733
4390,2843,4496,13920,4704,-179,-98,-7,-2.1460979190796534,0.6083118191600188,2.1865891207217083
4391,2846,4336,13880,4552,-150,-103,-9,-2.9909119260192654,0.8451076592688318,2.59893716229819
4392,2850,4488,13904,4512,-147,-108,-14,2.319455433845809,0.75670705377956,-3.109372168028953
4393,2853,4412,13952,4564,-160,-80,-8,1.6122682261765893,0.4926829000265538,-2.933168760694219
4394,2856,4380,13940,4440,-180,-100,-2,0.9659390592389556,0.1386692093710977,-3.0305858826501204
4395,2860,4276,13924,4444,-153,-129,33,0.39791738418878525,-0.07009637839578788,2.8089338702706335
4396,2863,4244,13876,4428,-156,-120,28,-0.2148058275600083,-0.006204443532271789,2.359317686690023
4397,2866,4376,13872,4352,-170,-93,44,-0.8271058465631204,0.3070543217516983,2.142891788680976
4398,2869,4456,13856,4644,-169,-86,31,-1.455196273929478,0.6451347603345314,2.115184240060483
4399,2872,4392,13900,4608,-157,-72,59,-2.324383825111423,0.8334583283233659,2.5185252048042748
4400,2876,4432,13872,4508,-142,-14,37,-2.9761920833987343,0.7335608412421117,2.6829358546049917
4401,2879,4476,13984,4340,-139,-16,35,2.745511533206559,0.5933403317742793,2.742721886754545
4402,2889,4284,13928,4228,-185,-66,111,2.088426291364688,0.13229246507649942,2.650865847345458
4403,2892,4204,13876,4324,-194,-84,127,1.3421334287960305,-0.23636586395440592,2.245886089622306
4404,2895,4264,13960,4272,-204,-110,136,0.4291830370179925,-0.23262372568211873,1.6096397888664378
4405,2899,4384,13844,4436,-221,-86,142,-0.38291447278010093,0.26351653702938954,1.2996738956032619
4406,2902,4332,13980,4404,-219,-87,147,-1.3092271895668284,0.8380529348228526,1.5139408502045695
4407,2905,4376,13976,4444,-194,-89,157,-2.8053774656933808,0.8592752799253958,2.509918383500613
4408,2908,4412,13972,4276,-251,-107,144,2.395566756995105,0.2976150444557502,2.81540582216413
4409,2912,4400,13924,4308,-241,-127,173,1.5102933807499779,-0.32908705629742774,2.4382464584204047
4410,2915,4516,13996,4448,-268,-85,165,0.36173910961254135,-0.22661291291429903,1.7962625259822798
4411,2918,4496,13864,4248,-274,-117,168,-0.5984505984781633,0.3805303959776952,1.480021332683744
4412,2922,4536,13896,4360,-310,-151,107,-1.8156744192511838,0.967517564843145,1.6740175564898292
4413,2925,4660,13848,4460,-291,-155,126,2.6378913892120064,0.7684428306296883,2.680097327741665
4414,2929,4628,13908,4344,-279,-129,74,1.6282182077588672,0.2665344356107291,2.7041768075141404
4415,2932,4804,13944,4332,-293,-89,28,0.6188780483327372,0.03566931452064385,2.486858715892272
4416,2936,4796,13832,4488,-275,-134,-36,-0.3939647257767093,-0.13821197141344432,2.0494797413613868
4417,2945,4624,13908,4352,-263,-8,-126,-1.4435955669143798,-0.3797233356069496,1.6795035648921572
4418,2948,4580,13880,4360,-262,-13,-158,-2.5172694828895077,-0.12037984673119612,1.19252681783995
4419,2951,4436,13996,4216,-278,65,-158,2.8051823833032987,0.3731799186765379,0.9026187662651028
4420,2954,4456,13916,4360,-259,24,-166,1.5911753717296544,0.7787350418503354,1.3868797507530268
4421,2958,4292,13848,4412,-281,-3,-154,0.2838129294102521,0.4579307824121812,1.8886653755404788
4422,2961,4216,13876,4348,-260,1,-139,-0.6412401828311798,-0.008578530888300764,1.8061443669569905
4423,2964,4252,13916,4484,-251,-22,-114,-1.5803894355093804,-0.1148974693312457,1.4198603273615171
4424,2967,4296,13964,4416,-265,-14,-96,-2.5428022404307686,0.08417883817929873,1.1541201310265479
4425,2972,4224,13940,4448,-232,5,-65,2.8975850892552426,0.30625543199032174,1.095856853949156
4426,2975,4260,13976,4392,-253,18,-56,1.94129917835216,0.4933101372982821,1.1837806076995323
4427,2978,4324,13868,4456,-242,18,-44,0.963347989550027,0.5382530657432854,1.3670164743825288
4428,2981,4240,13944,4484,-218,23,8,0.1197443486419721,0.6083782519242795,1.4309299476336836
4429,2984,4212,13868,4432,-217,43,12,-0.7959407815992311,0.6029535434159012,1.6262936955893328
4430,2988,4228,13976,4416,-208,36,30,-1.6628488581833731,0.5201459618725244,1.803893298199107
4431,2991,4160,13848,4280,-219,46,81,-2.5389414028413304,0.23114949624268605,1.9877185782830051
4432,3000,4200,13984,4196,-236,35,137,2.87975659525941,-0.2638552796618772,1.951501665095437
